,reorderPointsAll,reorderPointsAll,reorderPointsAll,reorderPointsAll,reorderPointsAll,reorderPointsAll,reorderPointsAll,reorderPointsAll,reorderPointsAll,reorderPointsAll,node1InventoriesAll,node1InventoriesAll,node1InventoriesAll,node1InventoriesAll,node1InventoriesAll,node1InventoriesAll,node1InventoriesAll,node1InventoriesAll,node1InventoriesAll,node1InventoriesAll,node0InventoriesAll,node0InventoriesAll,node0InventoriesAll,node0InventoriesAll,node0InventoriesAll,node0InventoriesAll,node0InventoriesAll,node0InventoriesAll,node0InventoriesAll,node0InventoriesAll,rewardsAll,rewardsAll,rewardsAll,rewardsAll,rewardsAll,rewardsAll,rewardsAll,rewardsAll,rewardsAll,rewardsAll
,0,1,2,3,4,5,6,7,8,9,0,1,2,3,4,5,6,7,8,9,0,1,2,3,4,5,6,7,8,9,0,1,2,3,4,5,6,7,8,9
0,5,5,5,5,5,5,5,5,5,5,0,0,0,0,0,0,0,0,0,0,0,0,0,0,0,0,0,0,0,0,,,,,,,,,,
1,5,5,5,5,5,5,5,5,5,5,0,0,0,0,0,0,0,0,0,0,0,0,0,0,0,0,0,0,0,0,,,,,,,,,,
2,5,5,5,5,5,5,5,5,5,5,0,0,0,0,0,0,0,0,0,0,0,0,0,0,0,0,0,0,0,0,,,,,,,,,,
3,5,5,5,5,5,5,4,5,4,5,0,0,0,0,0,0,0,0,0,0,0,0,0,0,0,0,0,0,0,0,,,-5000.0,,,,-5000.0,,-4000.0,
4,4,4,5,5,4,5,4,4,4,5,0,0,0,0,0,0,0,0,0,0,0,0,21,0,0,0,22,0,25,0,-5000.0,-5000.0,,,-5000.0,-5000.0,,-5000.0,,-5000.0
5,4,4,5,3,4,5,4,4,4,5,0,0,0,0,0,0,0,0,0,0,18,20,21,0,23,22,22,20,25,20,,,,-4000.0,,,,,,
6,4,4,5,3,4,5,4,4,4,5,0,0,0,0,0,0,0,0,0,0,18,20,21,25,23,22,22,20,25,20,,,,,,,,,,
7,4,4,5,3,4,5,4,4,4,5,0,0,1,0,0,0,3,0,0,0,18,20,10,25,23,22,9,20,15,20,,,,,,,,,,
8,4,4,5,3,4,5,4,4,4,5,1,2,1,0,0,3,3,3,0,3,7,8,10,25,13,9,9,7,15,7,,,,,,,,,,
9,4,4,5,3,4,5,4,4,4,5,1,2,1,5,0,3,3,3,0,3,7,8,10,10,13,9,9,7,15,7,,,,,,,,,,
10,4,4,4,3,4,4,4,4,3,5,1,2,1,5,0,3,3,3,0,3,7,8,10,10,13,9,9,7,15,7,,,-6050.0,,,-8045.0,-7045.0,,-3075.0,
11,4,4,4,3,3,4,4,4,3,5,1,2,1,5,0,3,3,3,0,3,7,8,21,10,13,22,22,7,21,7,,,,,-4065.0,,,-17035.0,,
12,4,4,4,3,3,4,4,4,3,4,1,2,1,5,0,3,3,3,0,3,7,8,21,10,18,22,22,24,21,7,-5035.0,-5040.0,,,,,,,,-8035.0
13,4,4,4,3,3,4,4,4,3,4,1,2,0,5,0,0,0,3,1,3,21,22,12,10,18,15,15,24,10,21,,,,-27050.0,,,,,,
14,4,4,4,3,3,4,4,4,3,4,1,2,0,5,0,0,0,3,1,3,21,22,12,17,8,15,15,24,10,21,,,,,,,,,,
15,4,4,4,3,3,4,4,4,3,4,1,2,0,5,0,0,0,3,1,3,21,22,12,17,8,15,15,14,10,21,,,,,,,,,,
16,4,4,4,3,3,4,4,4,3,4,0,1,0,0,0,0,0,3,1,1,12,13,12,12,8,15,15,14,10,13,,,,,,,,,,
17,4,4,4,3,3,4,4,4,3,4,0,1,0,0,0,0,0,3,1,1,12,13,12,12,8,15,15,14,10,13,,,,,,,,,-4050.0,
18,4,4,4,3,3,4,3,4,3,4,0,1,0,0,0,0,0,3,1,1,12,13,12,12,8,15,15,14,19,13,,,-4060.0,,,-3075.0,-4075.0,,,
19,4,4,4,3,4,4,3,4,3,4,0,1,0,0,0,0,0,3,1,1,12,13,21,12,8,24,24,14,19,13,-4060.0,,,,-2040.0,,,,,-5065.0
20,4,4,4,3,4,4,3,4,3,4,0,1,0,0,0,0,0,3,1,1,21,13,21,12,18,24,24,14,19,20,,-14065.0,,-13060.0,,,,-16070.0,,
21,4,4,4,3,4,4,3,4,3,4,0,1,0,0,0,1,0,3,2,1,21,22,11,23,18,13,14,23,8,20,,,,,,,,,,
22,4,4,4,3,4,4,3,4,3,4,0,1,0,0,0,1,0,3,2,2,11,22,11,23,18,13,14,23,8,9,,,,,,,,,,
23,4,4,4,3,4,4,3,4,3,4,0,1,0,0,0,1,0,2,2,2,11,12,11,13,8,13,14,14,8,9,,,,,,,,,,
24,4,4,4,3,4,4,3,4,3,4,0,1,0,0,0,1,0,2,2,2,11,12,11,13,8,13,14,14,8,9,,,-4055.0,,,-5065.0,,,-35040.0,
25,4,4,4,3,4,4,3,4,3,4,0,1,0,0,0,1,0,2,2,2,11,12,21,13,8,23,14,14,19,9,,,,,,,,,,
26,4,4,4,3,4,4,4,4,3,4,0,1,0,0,0,1,0,2,2,2,11,12,21,13,8,23,14,14,19,9,-3055.0,,,,,,-2070.0,,,
27,4,4,4,3,4,4,4,4,3,4,0,1,0,0,0,1,0,2,2,2,21,12,11,13,8,13,23,14,19,9,,-4060.0,,-12065.0,-24040.0,,,-16070.0,,-6045.0
28,4,4,4,3,4,4,4,4,3,4,0,1,0,0,0,1,0,2,2,2,21,22,11,23,18,13,23,23,9,20,,,,,,,,,,
29,4,4,4,3,4,4,4,4,3,4,0,1,0,0,0,1,0,2,2,2,11,22,11,23,18,13,13,23,9,20,,,,,,,,,,
30,4,4,4,3,4,4,4,4,3,4,0,1,0,0,0,1,0,3,2,0,11,12,11,13,18,13,13,12,9,12,,,,,,,,,,
31,4,4,4,3,4,4,4,4,3,4,0,1,0,0,0,1,0,3,2,0,11,12,11,13,8,13,13,12,9,12,,,-3055.0,,,,-4065.0,,,
32,4,4,4,3,4,4,4,4,3,4,0,1,0,0,0,1,0,3,2,0,11,12,21,13,8,13,23,12,9,12,-4055.0,,,,,-5065.0,,,-24045.0,
33,4,4,4,3,4,4,4,4,3,4,0,1,0,0,0,1,0,3,2,0,21,12,21,13,8,23,23,12,19,12,,,,,,,,-6060.0,,-4060.0
34,4,4,4,3,4,4,4,4,3,4,0,1,0,0,0,1,0,3,2,0,21,12,11,13,8,23,13,22,19,20,,-4060.0,,-13065.0,,,,,,
35,4,4,4,3,4,4,4,4,3,4,0,1,0,0,0,1,0,3,2,0,11,22,11,23,8,13,13,22,19,20,,,,,-24040.0,,,,,
36,4,4,4,3,4,4,4,4,3,4,0,1,0,0,0,1,0,2,2,2,11,22,11,23,18,13,13,13,9,8,,,,,,,,,,
37,4,4,4,3,4,4,4,4,3,4,0,1,0,0,0,1,0,2,2,2,11,12,11,13,18,13,13,13,9,8,,,,,,,,,,
38,4,4,4,3,4,4,4,4,3,4,0,1,0,0,0,1,0,2,2,2,11,12,11,13,18,13,13,13,9,8,-4055.0,,-3055.0,,,-4065.0,-4065.0,,,
39,4,4,4,3,4,4,4,4,3,4,0,1,0,0,0,1,0,2,2,2,21,12,21,13,8,23,23,13,9,8,,,,,,,,-15065.0,-45045.0,
40,4,4,4,3,4,4,4,4,3,4,0,1,0,0,0,1,0,2,2,2,21,12,21,13,8,23,23,22,19,8,,,,,,,,,,-5040.0
41,4,4,4,3,4,4,4,4,3,4,0,1,0,0,0,1,0,2,2,2,11,12,11,13,8,13,13,22,19,21,,-15060.0,,-3065.0,,,,,,
42,4,4,4,3,4,4,4,4,3,4,0,1,0,0,0,1,0,3,2,2,11,22,11,23,8,13,13,11,19,21,,,,,-4040.0,,,,,
43,4,4,4,3,4,4,4,4,3,4,0,1,0,0,0,1,0,3,2,2,11,22,11,23,18,13,13,11,9,21,,,,,,,,,,
44,4,4,4,3,4,4,4,4,3,4,0,0,0,0,0,1,0,3,2,1,11,13,11,13,18,13,13,11,9,12,-4055.0,,,,,,-4065.0,,,
45,4,4,4,3,4,4,4,4,3,4,0,0,0,0,0,1,0,3,2,1,21,13,11,13,18,13,23,11,9,12,,,-3055.0,,,,,-17055.0,,
46,4,4,4,3,4,4,4,4,3,4,0,0,0,0,0,1,0,3,2,1,21,13,21,13,8,13,23,22,9,12,,,,,,-5065.0,,,,
47,4,4,4,3,4,4,4,4,3,4,0,0,0,0,0,1,0,3,2,1,11,13,21,13,8,23,13,22,9,12,,-3065.0,,-13065.0,,,,,,-15060.0
48,4,4,4,3,4,4,4,4,3,4,0,0,0,0,0,1,0,2,2,1,11,22,11,23,8,23,13,13,9,20,,,,,-4040.0,,,,-15045.0,
49,4,4,4,3,4,4,4,4,3,4,0,0,0,0,0,1,0,2,2,1,11,22,11,23,18,13,13,13,19,20,,,,,,,,,,
50,4,4,4,3,4,4,4,4,3,4,0,0,0,0,0,1,0,2,2,2,11,12,11,13,18,13,13,13,19,9,-4055.0,,,,,,-4065.0,,,
51,4,4,4,3,4,4,4,4,3,4,0,0,0,0,0,1,0,2,2,2,21,12,11,13,18,13,23,13,19,9,,,,,,,,-6065.0,,
52,4,4,4,3,4,4,4,4,3,4,0,0,0,0,0,1,0,2,2,2,21,12,11,13,8,13,23,22,9,9,,,-4055.0,,,,,,,
53,4,4,4,3,4,4,4,4,3,4,0,0,0,0,0,1,0,2,2,2,11,12,21,13,8,13,13,22,9,9,,-3060.0,,,,-5065.0,,,,
54,4,4,4,3,4,4,4,4,3,4,0,0,0,0,0,1,0,3,2,2,11,22,21,13,8,23,13,11,9,9,,,,,,,,,,-6045.0
55,4,4,4,3,4,4,4,4,3,4,0,0,0,0,0,1,0,3,2,2,11,22,11,13,8,23,13,11,9,20,,,,-3065.0,-14040.0,,,,,
56,4,4,4,3,4,4,4,4,3,4,0,0,0,0,0,1,0,3,2,2,11,12,11,23,18,13,13,11,9,20,-4055.0,,,,,,-4065.0,,-25045.0,
57,4,4,4,3,4,4,4,4,3,4,0,0,0,0,0,1,0,3,2,0,21,12,11,23,18,13,23,11,19,12,,,,,,,,,,
58,4,4,4,3,4,4,4,4,3,4,0,0,0,0,0,1,0,3,2,0,21,12,11,13,18,13,23,11,19,12,,,,,,,,,,
59,4,4,4,3,4,4,4,4,3,4,0,0,0,0,0,1,0,3,2,0,11,12,11,13,8,13,13,11,19,12,,,-4055.0,,,,,-6055.0,,
60,4,4,4,3,4,4,4,4,3,4,0,0,0,0,0,1,0,3,2,0,11,12,21,13,8,13,13,22,9,12,,-4060.0,,,,,,,,-4060.0
61,4,4,4,3,4,4,4,4,3,4,0,0,0,0,0,1,0,3,2,0,11,22,21,13,8,13,13,22,9,20,,,,-13065.0,,-5065.0,,,,
62,4,4,4,3,4,4,4,4,3,4,0,0,0,0,0,1,0,2,2,0,11,22,11,23,8,23,13,13,9,20,,,,,-14040.0,,,,,
63,4,4,4,3,4,4,4,4,3,4,0,0,0,0,0,1,0,2,2,2,11,12,11,23,18,23,13,13,9,8,-3055.0,,,,,,-3065.0,,,
64,4,4,4,3,4,4,4,4,3,4,0,0,0,0,0,1,0,2,2,2,21,12,11,13,18,13,23,13,9,8,,,,,,,,-16065.0,-35045.0,
65,4,4,4,3,4,4,4,4,3,4,0,0,0,0,0,1,0,2,2,2,21,12,11,13,18,13,23,22,19,8,,,,,,,,,,
66,4,4,4,3,4,4,4,4,3,4,0,0,0,0,0,1,0,2,2,2,11,12,11,13,8,13,13,22,19,8,,,-3055.0,,,,,,,-5040.0
67,4,4,4,3,4,4,4,4,3,4,0,0,0,0,0,1,0,3,2,2,11,12,21,13,8,13,13,11,19,21,,,,,,,,,,
68,4,4,4,3,4,4,4,4,3,4,0,0,0,0,0,1,0,3,2,2,11,12,21,13,8,13,13,11,9,21,,-3060.0,,-3065.0,,-4065.0,,,,
69,4,4,4,3,4,4,4,4,3,4,0,0,0,0,0,1,0,3,2,2,11,22,11,23,8,23,13,11,9,21,-14055.0,,,,-24040.0,,-4065.0,,,
70,4,4,4,3,4,4,4,4,3,4,0,0,0,0,0,1,0,3,2,1,21,22,11,23,18,23,23,11,9,12,,,,,,,,,,
71,4,4,4,3,4,4,4,4,3,4,0,0,0,0,0,1,0,3,2,1,21,12,11,13,18,13,23,11,9,12,,,,,,,,-7055.0,,
72,4,4,4,3,4,4,4,4,3,4,0,0,0,0,0,1,0,3,2,1,11,12,11,13,18,13,13,22,9,12,,,-4055.0,,,,,,,
73,4,4,4,3,4,4,4,4,3,4,0,0,0,0,0,1,0,3,2,1,11,12,21,13,8,13,13,22,9,12,,,,,,-15065.0,,,-25045.0,-25060.0
74,4,4,4,3,4,4,4,4,3,4,0,0,0,0,0,1,0,2,2,1,11,12,21,13,8,23,13,13,19,20,,-4060.0,,-2065.0,,,,,,
75,4,4,4,3,4,4,4,4,3,4,0,0,0,0,0,1,0,2,2,1,11,22,11,23,8,23,13,13,19,20,,,,,,,,,,
76,4,4,4,3,4,4,4,4,3,4,0,0,0,0,0,1,0,2,2,2,11,22,11,23,8,13,13,13,19,9,,,,,,,-3065.0,,,
77,4,4,4,3,4,4,4,4,3,4,0,0,0,0,0,1,0,2,2,2,11,12,11,13,8,13,23,13,9,9,-4055.0,,,,-3040.0,,,-5065.0,,
78,4,4,4,3,4,4,4,4,3,4,0,0,0,0,0,1,0,2,2,2,21,12,11,13,18,13,23,22,9,9,,,,,,,,,,
79,4,4,4,3,4,4,4,4,3,4,0,0,0,0,0,1,0,2,2,2,21,12,11,13,18,13,13,22,9,9,,,-3055.0,,,,,,,
80,4,4,4,3,4,4,4,4,3,4,0,0,0,0,0,1,0,3,2,2,11,12,21,13,18,13,13,11,9,9,,-4060.0,,,,-5065.0,,,,
81,4,4,4,3,4,4,4,4,3,4,0,0,0,0,0,1,0,3,2,2,11,22,21,13,8,23,13,11,9,9,,,,-23065.0,,,,,,-6045.0
82,4,4,4,3,4,4,4,4,3,4,0,0,0,0,0,1,0,3,2,2,11,22,11,23,8,23,13,11,9,20,,,,,,,,,-25045.0,
83,4,4,4,3,4,4,4,4,3,4,0,0,0,0,0,1,0,3,2,2,11,12,11,23,8,13,13,11,19,20,,,,,,,-4065.0,-7055.0,,
84,4,4,4,3,4,4,4,4,3,4,0,0,0,0,0,1,0,3,2,0,11,12,11,13,8,13,23,22,19,12,-4055.0,,,,-4040.0,,,,,
85,4,4,4,3,4,4,4,4,3,4,0,0,0,0,0,1,0,3,2,0,21,12,11,13,18,13,23,22,19,12,,,,,,,,,,
86,4,4,4,3,4,4,4,4,3,4,0,0,0,0,0,1,0,2,2,0,21,12,11,13,18,13,13,13,9,12,,,-13055.0,,,,,,,
87,4,4,4,3,4,4,4,4,3,4,0,0,0,0,0,1,0,2,2,0,11,12,21,13,18,13,13,13,9,12,,-4060.0,,,,,,,,-3060.0
88,4,4,4,3,4,4,4,4,3,4,0,0,0,0,0,1,0,2,2,0,11,22,21,13,8,13,13,13,9,20,,,,-2065.0,,-4065.0,,,,
89,4,4,4,3,4,4,4,4,3,4,0,0,0,0,0,1,0,2,2,0,11,22,11,23,8,23,13,13,9,20,,,,,,,-3065.0,-6065.0,-34045.0,
90,4,4,4,3,4,4,4,4,3,4,0,0,0,0,0,1,0,2,2,2,11,12,11,23,8,23,23,22,19,8,,,,,,,,,,
91,4,4,4,3,4,4,4,4,3,4,0,0,0,0,0,1,0,2,2,2,11,12,11,13,8,13,23,22,19,8,-3055.0,,,,-13040.0,,,,,
92,4,4,4,3,4,4,4,4,3,4,0,0,0,0,0,1,0,3,2,2,21,12,11,13,18,13,13,11,19,8,,,,,,,,,,
93,4,4,4,3,4,4,4,4,3,4,0,0,0,0,0,1,0,3,2,2,21,12,11,13,18,13,13,11,9,8,,,-14055.0,,,,,,,
94,4,4,4,3,4,4,4,4,3,4,0,0,0,0,0,1,0,3,2,2,11,12,21,13,18,13,13,11,9,8,,,,-3065.0,,,,,,-6040.0
95,4,4,4,3,4,4,4,4,3,4,0,0,0,0,0,1,0,3,2,2,11,12,21,23,8,13,13,11,9,21,,-4060.0,,,,-4065.0,,,,
96,4,4,4,3,4,4,4,4,3,4,0,0,0,0,0,1,0,3,2,2,11,22,11,23,8,23,13,11,9,21,,,,,,,-4065.0,,-25045.0,
97,4,4,4,3,4,4,4,4,3,4,0,0,0,0,0,1,0,3,2,0,11,22,11,13,8,23,23,11,19,13,,,,,,,,-7055.0,,
98,4,4,4,3,4,4,4,4,3,4,0,0,0,0,0,1,0,3,2,0,11,12,11,13,8,13,23,22,19,13,-3055.0,,,,-24040.0,,,,,
99,4,4,4,3,4,4,4,4,3,4,0,0,0,0,0,1,0,3,2,0,21,12,11,13,18,13,13,22,19,13,,,,,,,,,,
100,4,4,4,3,4,4,4,4,3,4,0,0,0,0,0,1,0,2,2,0,21,12,11,13,18,13,13,13,9,13,,,-4055.0,,,,,,,
101,4,4,4,3,4,4,4,4,3,4,0,0,0,0,0,1,0,2,2,0,11,12,21,13,18,13,13,13,9,13,,,,-3065.0,,-15065.0,,,,
102,4,4,4,3,4,4,4,4,3,4,0,0,0,0,0,1,0,2,2,0,11,12,21,23,8,23,13,13,9,13,,-4060.0,,,,,-4065.0,,,-4065.0
103,4,4,4,3,4,4,4,4,3,4,0,0,0,0,0,1,0,2,2,0,11,22,11,23,8,23,23,13,9,20,,,,,,,,,,
104,4,4,4,3,4,4,4,4,3,4,0,0,0,0,0,1,0,2,2,0,11,22,11,13,8,13,23,13,9,20,,,,,,,,,,
105,4,4,4,3,4,4,4,4,3,4,0,0,0,0,0,1,0,2,2,2,11,12,11,13,8,13,13,13,9,8,-14055.0,,,,-4040.0,,,-6065.0,-5045.0,
106,4,4,4,3,4,4,4,4,3,4,0,0,0,0,0,1,0,2,2,2,21,12,11,13,18,13,13,22,19,8,,,-3055.0,,,,,,,
107,4,4,4,3,4,4,4,4,3,4,0,0,0,0,0,1,0,2,2,2,21,12,21,13,18,13,13,22,19,8,,,,-3065.0,,-5065.0,,,,
108,4,4,4,3,4,4,4,4,3,4,0,0,0,0,0,1,0,3,2,2,11,12,21,23,18,23,13,11,19,8,,-4060.0,,,,,,,,
109,4,4,4,3,4,4,4,4,3,4,0,0,0,0,0,1,0,3,2,2,11,22,11,23,8,23,13,11,9,8,,,,,,,-4065.0,,,-6040.0
110,4,4,4,3,4,4,4,4,3,4,0,0,0,0,0,1,0,3,2,2,11,22,11,13,8,13,23,11,9,21,,,,,,,,,,
111,4,4,4,3,4,4,4,4,3,4,0,0,0,0,0,1,0,3,2,2,11,12,11,13,8,13,23,11,9,21,-4055.0,,,,,,,,,
112,4,4,4,3,4,4,4,4,3,4,0,0,0,0,0,1,0,3,2,0,21,12,11,13,8,13,13,11,9,13,,,,,,,,,,
113,4,4,4,3,4,4,4,4,3,4,0,0,0,0,0,1,0,3,2,0,21,12,11,13,8,13,13,11,9,13,,,-13055.0,-3065.0,-13040.0,,,,,
114,4,4,4,3,4,4,4,4,3,4,0,0,0,0,0,1,0,3,2,0,11,12,21,23,18,13,13,11,9,13,,,,,,-5065.0,,-7055.0,-14045.0,
115,4,4,4,3,4,4,4,4,3,4,0,0,0,0,0,1,0,3,2,0,11,12,21,23,18,23,13,22,19,13,,,,,,,,,,
116,4,4,4,3,4,4,4,4,3,4,0,0,0,0,0,1,0,3,2,0,11,12,11,13,18,23,13,22,19,13,,-3060.0,,,,,-4065.0,,,-3065.0
117,4,4,4,3,4,4,4,4,3,4,0,0,0,0,0,1,0,2,2,0,11,22,11,13,8,13,23,13,19,20,,,,,,,,,,
118,4,4,4,3,4,4,4,4,3,4,0,0,0,0,0,1,0,2,2,0,11,22,11,13,8,13,23,13,9,20,-4055.0,,,,,,,,,
119,4,4,4,3,4,4,4,4,3,4,0,0,0,0,0,1,0,2,2,2,21,12,11,13,8,13,13,13,9,8,,,-13055.0,,,,,,,
120,4,4,4,3,4,4,4,4,3,4,0,0,0,0,0,1,0,2,2,2,21,12,21,13,8,13,13,13,9,8,,,,-3065.0,,-4065.0,,,,
121,4,4,4,3,4,4,4,4,3,4,0,0,0,0,0,1,0,2,2,2,11,12,21,23,8,23,13,13,9,8,,,,,-14040.0,,,-6065.0,,
122,4,4,4,3,4,4,4,4,3,4,0,0,0,0,0,1,0,2,2,2,11,12,11,23,18,23,13,22,9,8,,-4060.0,,,,,-4065.0,,,-15040.0
123,4,4,4,3,4,4,4,4,3,4,0,0,0,0,0,1,0,2,2,2,11,22,11,13,18,13,23,22,9,21,,,,,,,,,-34045.0,
124,4,4,4,3,4,4,4,4,3,4,0,0,0,0,0,1,0,3,2,2,11,22,11,13,18,13,23,11,19,21,,,,,,,,,,
125,4,4,4,3,4,4,4,4,3,4,0,0,0,0,0,1,0,3,2,2,11,12,11,13,8,13,13,11,19,21,,,,,,,,,,
126,4,4,4,3,4,4,4,4,3,4,0,0,0,0,0,1,0,3,2,1,11,12,11,13,8,13,13,11,19,12,,,-4055.0,,,,,,,
127,4,4,4,3,4,4,4,4,3,4,0,0,0,0,0,1,0,3,2,1,11,12,21,13,8,13,13,11,9,12,-3055.0,,,,,-14065.0,,,,
128,4,4,4,3,4,4,4,4,3,4,0,0,0,0,0,1,0,3,2,1,21,12,21,13,8,23,13,11,9,12,,,,-3065.0,,,,,,
129,4,4,4,3,4,4,4,4,3,4,0,0,0,0,0,1,0,3,2,1,21,12,11,23,8,23,13,11,9,12,,-3060.0,,,-24040.0,,,-6055.0,,-14060.0
130,4,4,4,3,4,4,4,4,3,4,0,0,0,0,0,1,0,3,2,1,11,22,11,23,18,13,13,22,9,20,,,,,,,-4065.0,,-35045.0,
131,4,4,4,3,4,4,4,4,3,4,0,0,0,0,0,1,0,3,2,1,11,22,11,13,18,13,23,22,19,20,,,,,,,,,,
132,4,4,4,3,4,4,4,4,3,4,0,0,0,0,0,1,0,2,2,2,11,12,11,13,18,13,23,13,19,9,-4055.0,,,,,,,,,
133,4,4,4,3,4,4,4,4,3,4,0,0,0,0,0,1,0,2,2,2,21,12,11,13,8,13,13,13,19,9,,,-4055.0,,,,,,,
134,4,4,4,3,4,4,4,4,3,4,0,0,0,0,0,1,0,2,2,2,21,12,21,13,8,13,13,13,9,9,,,,,,-5065.0,,,,
135,4,4,4,3,4,4,4,4,3,4,0,0,0,0,0,1,0,2,2,2,11,12,21,13,8,23,13,13,9,9,,,,-13065.0,,,,,,-5045.0
136,4,4,4,3,4,4,4,4,3,4,0,0,0,0,0,1,0,2,2,2,11,12,11,23,8,23,13,13,9,20,,-3060.0,,,-4040.0,,-4065.0,-15065.0,,
137,4,4,4,3,4,4,4,4,3,4,0,0,0,0,0,1,0,2,2,2,11,22,11,23,18,13,23,22,9,20,,,,,,,,,-24045.0,
138,4,4,4,3,4,4,4,4,3,4,0,0,0,0,0,1,0,2,2,0,11,22,11,13,18,13,23,22,19,12,,,,,,,,,,
139,4,4,4,3,4,4,4,4,3,4,0,0,0,0,0,1,0,3,2,0,11,12,11,13,18,13,13,11,19,12,,,-4055.0,,,,,,,
140,4,4,4,3,4,4,4,4,3,4,0,0,0,0,0,1,0,3,2,0,11,12,21,13,8,13,13,11,19,12,-4055.0,,,,,,,,,
141,4,4,4,3,4,4,4,4,3,4,0,0,0,0,0,1,0,3,2,0,21,12,21,13,8,13,13,11,9,12,,,,,,-5065.0,,,,
142,4,4,4,3,4,4,4,4,3,4,0,0,0,0,0,1,0,3,2,0,21,12,11,13,8,23,13,11,9,12,,,,-3065.0,,,-4065.0,,,
143,4,4,4,3,4,4,4,4,3,4,0,0,0,0,0,1,0,3,2,0,11,12,11,23,8,23,23,11,9,12,,-3060.0,,,-3040.0,,,-7055.0,,-3060.0
144,4,4,4,3,4,4,4,4,3,4,0,0,0,0,0,1,0,3,2,0,11,22,11,23,18,13,23,22,9,20,,,,,,,,,,
145,4,4,4,3,4,4,4,4,3,4,0,0,0,0,0,1,0,3,2,0,11,22,11,13,18,13,13,22,9,20,,,,,,,,,-25045.0,
146,4,4,4,3,4,4,4,4,3,4,0,0,0,0,0,1,0,2,2,2,11,12,11,13,18,13,13,13,19,8,,,,,,,,,,
147,4,4,4,3,4,4,4,4,3,4,0,0,0,0,0,1,0,2,2,2,11,12,11,13,8,13,13,13,19,8,,,-4055.0,,,-4065.0,,,,
148,4,4,4,3,4,4,4,4,3,4,0,0,0,0,0,1,0,2,2,2,11,12,21,13,8,23,13,13,19,8,-4055.0,,,,,,-4065.0,,,
149,4,4,4,3,4,4,4,4,3,4,0,0,0,0,0,1,0,2,2,2,21,12,21,13,8,23,23,13,9,8,,-3060.0,,-3065.0,,,,,,
150,4,4,4,3,4,4,4,4,3,4,0,0,0,0,0,1,0,2,2,2,21,22,11,23,8,13,23,13,9,8,,,,,-34040.0,,,-6065.0,,-6040.0
151,4,4,4,3,4,4,4,4,3,4,0,0,0,0,0,1,0,2,2,2,11,22,11,23,18,13,13,22,9,21,,,,,,,,,,
152,4,4,4,3,4,4,4,4,3,4,0,0,0,0,0,1,0,2,2,2,11,12,11,13,18,13,13,22,9,21,,,,,,,,,,
153,4,4,4,3,4,4,4,4,3,4,0,0,0,0,0,1,0,3,2,0,11,12,11,13,18,13,13,11,9,13,,,,,,,,,-25045.0,
154,4,4,4,3,4,4,4,4,3,4,0,0,0,0,0,1,0,3,2,0,11,12,11,13,8,13,13,11,19,13,,,,,,-5065.0,-3065.0,,,
155,4,4,4,3,4,4,4,4,3,4,0,0,0,0,0,1,0,3,2,0,11,12,11,13,8,23,23,11,19,13,,,-4055.0,-3065.0,,,,,,
156,4,4,4,3,4,4,4,4,3,4,0,0,0,0,0,1,0,3,2,0,11,12,21,23,8,23,23,11,19,13,-3055.0,,,,,,,,,
157,4,4,4,3,4,4,4,4,3,4,0,0,0,0,0,1,0,3,2,0,21,12,21,23,8,13,13,11,9,13,,-4060.0,,,-3040.0,,,-7055.0,,-4065.0
158,4,4,4,3,4,4,4,4,3,4,0,0,0,0,0,1,0,3,2,0,21,22,11,13,18,13,13,22,9,20,,,,,,,,,,
159,4,4,4,3,4,4,4,4,3,4,0,0,0,0,0,1,0,3,2,0,11,22,11,13,18,13,13,22,9,20,,,,,,,,,,
160,4,4,4,3,4,4,4,4,3,4,0,0,0,0,0,1,0,2,2,2,11,12,11,13,18,13,13,13,9,8,,,,,,,-3065.0,,,
161,4,4,4,3,4,4,4,4,3,4,0,0,0,0,0,1,0,2,2,2,11,12,11,13,8,13,23,13,9,8,-4055.0,,,,,,,,-5045.0,
162,4,4,4,3,4,4,4,4,3,4,0,0,0,0,0,1,0,2,2,2,21,12,11,13,8,13,23,13,19,8,,,,-2065.0,,-5065.0,,,,
163,4,4,4,3,4,4,4,4,3,4,0,0,0,0,0,1,0,2,2,2,21,12,11,23,8,23,13,13,19,8,,,-3055.0,,,,,,,-6040.0
164,4,4,4,3,4,4,4,4,3,4,0,0,0,0,0,1,0,2,2,2,11,12,21,23,8,23,13,13,19,21,,,,,,,,-6065.0,,
165,4,4,4,3,4,4,4,4,3,4,0,0,0,0,0,1,0,2,2,2,11,12,21,13,8,13,13,22,9,21,,-4060.0,,,-4040.0,,,,,
166,4,4,4,3,4,4,4,4,3,4,0,0,0,0,0,1,0,2,2,0,11,22,11,13,18,13,13,22,9,13,,,,,,,-3065.0,,,
167,4,4,4,3,4,4,4,4,3,4,0,0,0,0,0,1,0,3,2,0,11,22,11,13,18,13,23,11,9,13,-4055.0,,,,,,,,,
168,4,4,4,3,4,4,4,4,3,4,0,0,0,0,0,1,0,3,2,0,21,12,11,13,18,13,23,11,9,13,,,-14055.0,,,,,,-25045.0,
169,4,4,4,3,4,4,4,4,3,4,0,0,0,0,0,1,0,3,2,0,21,12,21,13,8,13,13,11,19,13,,,,-13065.0,,-5065.0,,,,-4065.0
170,4,4,4,3,4,4,4,4,3,4,0,0,0,0,0,1,0,3,2,0,11,12,21,23,8,23,13,11,19,20,,,,,,,,,,
171,4,4,4,3,4,4,4,4,3,4,0,0,0,0,0,1,0,3,2,0,11,12,11,23,8,23,13,11,19,20,,-3060.0,,,,,,-6055.0,,
172,4,4,4,3,4,4,4,4,3,4,0,0,0,0,0,1,0,3,2,2,11,22,11,13,8,13,13,22,9,8,,,,,,,,,,
173,4,4,4,3,4,4,4,4,3,4,0,0,0,0,0,1,0,3,2,2,11,22,11,13,8,13,13,22,9,8,-4055.0,,,,-4040.0,,-4065.0,,,
174,4,4,4,3,4,4,4,4,3,4,0,0,0,0,0,1,0,2,2,2,21,12,11,13,18,13,23,13,9,8,,,,,,,,,,
175,4,4,4,3,4,4,4,4,3,4,0,0,0,0,0,1,0,2,2,2,21,12,11,13,18,13,23,13,9,8,,,,,,,,,,
176,4,4,4,3,4,4,4,4,3,4,0,0,0,0,0,1,0,2,2,2,11,12,11,13,18,13,13,13,9,8,,,,-2065.0,,-5065.0,,,,
177,4,4,4,3,4,4,4,4,3,4,0,0,0,0,0,1,0,2,2,2,11,12,11,23,8,23,13,13,9,8,,,-4055.0,,,,,,-15045.0,-6040.0
178,4,4,4,3,4,4,4,4,3,4,0,0,0,0,0,1,0,2,2,2,11,12,21,23,8,23,13,13,19,21,,-14060.0,,,,,,,,
179,4,4,4,3,4,4,4,4,3,4,0,0,0,0,0,1,0,2,2,2,11,22,21,13,8,13,13,13,19,21,,,,,,,-4065.0,-16065.0,,
180,4,4,4,3,4,4,4,4,3,4,0,0,0,0,0,1,0,2,2,0,11,22,11,13,8,13,23,22,19,13,,,,,,,,,,
181,4,4,4,3,4,4,4,4,3,4,0,0,0,0,0,1,0,2,2,0,11,12,11,13,8,13,23,22,9,13,-4055.0,,,,-23040.0,,,,,
182,4,4,4,3,4,4,4,4,3,4,0,0,0,0,0,1,0,3,2,0,21,12,11,13,18,13,13,11,9,13,,,,-12065.0,,,,,,
183,4,4,4,3,4,4,4,4,3,4,0,0,0,0,0,1,0,3,2,0,21,12,11,23,18,13,13,11,9,13,,,,,,-4065.0,,,,-4065.0
184,4,4,4,3,4,4,4,4,3,4,0,0,0,0,0,1,0,3,2,0,11,12,11,23,18,23,13,11,9,20,,,,,,,,,,
185,4,4,4,3,4,4,4,4,3,4,0,0,0,0,0,1,0,3,2,0,11,12,11,13,8,23,13,11,9,20,,,-3055.0,,,,,,-15045.0,
186,4,4,4,3,4,4,4,4,3,4,0,0,0,0,0,1,0,3,2,2,11,12,21,13,8,13,13,11,19,8,,-4060.0,,,,,,-7055.0,,
187,4,4,4,3,4,4,4,4,3,4,0,0,0,0,0,1,0,3,2,2,11,22,21,13,8,13,13,22,19,8,,,,,-14040.0,,-4065.0,,,
188,4,4,4,3,4,4,4,4,3,4,0,0,0,0,0,1,0,3,2,2,11,22,11,13,18,13,23,22,19,8,-3055.0,,,-22065.0,,,,,,
189,4,4,4,3,4,4,4,4,3,4,0,0,0,0,0,1,0,2,2,2,21,12,11,23,18,13,23,13,9,8,,,,,,-15065.0,,,,
190,4,4,4,3,4,4,4,4,3,4,0,0,0,0,0,1,0,2,2,2,21,12,11,23,18,23,13,13,9,8,,,,,,,,,,-6040.0
191,4,4,4,3,4,4,4,4,3,4,0,0,0,0,0,1,0,2,2,2,11,12,11,13,8,23,13,13,9,21,,,-13055.0,,,,,,,
192,4,4,4,3,4,4,4,4,3,4,0,0,0,0,0,1,0,2,2,2,11,12,21,13,8,13,13,13,9,21,,,,,,,,-6065.0,-5045.0,
193,4,4,4,3,4,4,4,4,3,4,0,0,0,0,0,1,0,2,2,0,11,12,21,13,8,13,13,22,19,13,,,,,,,,,,
194,4,4,4,3,4,4,4,4,3,4,0,0,0,0,0,1,0,2,2,0,11,12,11,13,8,13,13,22,19,13,-3055.0,-4060.0,,-13065.0,,,-3065.0,,,
195,4,4,4,3,4,4,4,4,3,4,0,0,0,0,0,1,0,3,2,0,21,22,11,23,8,13,23,11,19,13,,,,,-4040.0,-5065.0,,,,
196,4,4,4,3,4,4,4,4,3,4,0,0,0,0,0,1,0,3,2,0,21,22,11,23,18,23,23,11,9,13,,,,,,,,,,-4065.0
197,4,4,4,3,4,4,4,4,3,4,0,0,0,0,0,1,0,3,2,0,11,12,11,13,18,23,13,11,9,20,,,-4055.0,,,,,,,
198,4,4,4,3,4,4,4,4,3,4,0,0,0,0,0,1,0,3,2,0,11,12,21,13,18,13,13,11,9,20,,,,,,,,,,
199,4,4,4,3,4,4,4,4,3,4,0,0,0,0,0,1,0,3,2,2,11,12,21,13,8,13,13,11,9,8,,,,,,,,-6055.0,-25045.0,
200,4,4,4,3,4,4,4,4,3,4,0,0,0,0,0,1,0,3,2,2,11,12,11,13,8,13,13,22,19,8,-3055.0,,,,,,-14065.0,,,
201,4,4,4,3,4,4,4,4,3,4,0,0,0,0,0,1,0,3,2,2,21,12,11,13,8,13,23,22,19,8,,-4060.0,,,,,,,,
202,4,4,4,3,4,4,4,4,3,4,0,0,0,0,0,1,0,2,2,2,21,22,11,13,8,13,23,13,19,8,,,,-3065.0,,-5065.0,,,,
203,4,4,4,3,4,4,4,4,3,4,0,0,0,0,0,1,0,2,2,2,11,22,11,23,8,23,13,13,9,8,,,,,-3040.0,,,,,-6040.0
204,4,4,4,3,4,4,4,4,3,4,0,0,0,0,0,1,0,2,2,2,11,12,11,23,18,23,13,13,9,21,,,,,,,,-6065.0,,
205,4,4,4,3,4,4,4,4,3,4,0,0,0,0,0,1,0,2,2,2,11,12,11,13,18,13,13,22,9,21,,,-4055.0,,,,,,,
206,4,4,4,3,4,4,4,4,3,4,0,0,0,0,0,1,0,2,2,0,11,12,21,13,18,13,13,22,9,13,-3055.0,,,,,,,,,
207,4,4,4,3,4,4,4,4,3,4,0,0,0,0,0,1,0,3,2,0,21,12,21,13,8,13,13,11,9,13,,-4060.0,,,,,,,-15045.0,
208,4,4,4,3,4,4,4,4,3,4,0,0,0,0,0,1,0,3,2,0,21,22,11,13,8,13,13,11,19,13,,,,,,,-3065.0,,,
209,4,4,4,3,4,4,4,4,3,4,0,0,0,0,0,1,0,3,2,0,11,22,11,13,8,13,23,11,19,13,,,,,,-5065.0,,,,-4065.0
210,4,4,4,3,4,4,4,4,3,4,0,0,0,0,0,1,0,3,2,0,11,12,11,13,8,23,23,11,19,20,,,,-2065.0,,,,,,
211,4,4,4,3,4,4,4,4,3,4,0,0,0,0,0,1,0,3,2,0,11,12,11,23,8,23,13,11,9,20,,,,,,,,-7055.0,,
212,4,4,4,3,4,4,4,4,3,4,0,0,0,0,0,1,0,3,2,2,11,12,11,23,8,13,13,22,9,8,,,,,-14040.0,,,,,
213,4,4,4,3,4,4,4,4,3,4,0,0,0,0,0,1,0,3,2,2,11,12,11,13,18,13,13,22,9,8,-14055.0,,-3055.0,,,,,,,
214,4,4,4,3,4,4,4,4,3,4,0,0,0,0,0,1,0,2,2,2,21,12,21,13,18,13,13,13,9,8,,-4060.0,,,,,,,-14045.0,
215,4,4,4,3,4,4,4,4,3,4,0,0,0,0,0,1,0,2,2,2,21,22,21,13,18,13,13,13,19,8,,,,,,-5065.0,-3065.0,,,
216,4,4,4,3,4,4,4,4,3,4,0,0,0,0,0,1,0,2,2,2,11,22,11,13,8,23,23,13,19,8,,,,,,,,,,
217,4,4,4,3,4,4,4,4,3,4,0,0,0,0,0,1,0,2,2,2,11,12,11,13,8,23,23,13,19,8,,,,-12065.0,,,,,,-6040.0
218,4,4,4,3,4,4,4,4,3,4,0,0,0,0,0,1,0,2,2,2,11,12,11,23,8,13,13,13,9,21,,,,,,,,,,
219,4,4,4,3,4,4,4,4,3,4,0,0,0,0,0,1,0,2,2,2,11,12,11,23,8,13,13,13,9,21,,,,,,,,-6065.0,,
220,4,4,4,3,4,4,4,4,3,4,0,0,0,0,0,1,0,2,2,0,11,12,11,13,8,13,13,22,9,13,,,-3055.0,,-14040.0,,,,,
221,4,4,4,3,4,4,4,4,3,4,0,0,0,0,0,1,0,2,2,0,11,12,21,13,18,13,13,22,9,13,-3055.0,-4060.0,,,,,-13065.0,,-25045.0,
222,4,4,4,3,4,4,4,4,3,4,0,0,0,0,0,1,0,3,2,0,21,22,21,13,18,13,23,11,19,13,,,,,,-4065.0,,,,
223,4,4,4,3,4,4,4,4,3,4,0,0,0,0,0,1,0,3,2,0,21,22,11,13,18,23,23,11,19,13,,,,,,,,,,-4065.0
224,4,4,4,3,4,4,4,4,3,4,0,0,0,0,0,1,0,3,2,0,11,12,11,13,8,23,13,11,19,20,,,,-23065.0,,,,,,
225,4,4,4,3,4,4,4,4,3,4,0,0,0,0,0,1,0,3,2,0,11,12,11,23,8,13,13,11,9,20,,,,,,,,,,
226,4,4,4,3,4,4,4,4,3,4,0,0,0,0,0,1,0,3,2,2,11,12,11,23,8,13,13,11,9,8,,,-4055.0,,,,,-6055.0,,
227,4,4,4,3,4,4,4,4,3,4,0,0,0,0,0,1,0,3,2,2,11,12,21,13,8,13,13,22,9,8,-4055.0,,,,,,-4065.0,,,
228,4,4,4,3,4,4,4,4,3,4,0,0,0,0,0,1,0,3,2,2,21,12,21,13,8,13,23,22,9,8,,,,,,-5065.0,,,-25045.0,-6040.0
229,4,4,4,3,4,4,4,4,3,4,0,0,0,0,0,1,0,2,2,2,21,12,11,13,8,23,23,13,19,21,,-3060.0,,,-3040.0,,,,,
230,4,4,4,3,4,4,4,4,3,4,0,0,0,0,0,1,0,2,2,2,11,22,11,13,18,23,13,13,19,21,,,,,,,,,,
231,4,4,4,3,4,4,4,4,3,4,0,0,0,0,0,1,0,2,2,0,11,22,11,13,18,13,13,13,19,13,,,,,,,,,,
232,4,4,4,3,4,4,4,4,3,4,0,0,0,0,0,1,0,2,2,0,11,12,11,13,18,13,13,13,9,13,,,,-3065.0,,,,,,
233,4,4,4,3,4,4,4,4,3,4,0,0,0,0,0,1,0,2,2,0,11,12,11,23,8,13,13,13,9,13,-3055.0,,-4055.0,,,,,,,
234,4,4,4,3,4,4,4,4,3,4,0,0,0,0,0,1,0,2,2,0,21,12,21,23,8,13,13,13,9,13,,,,,,,-3065.0,-6065.0,,
235,4,4,4,3,4,4,4,4,3,4,0,0,0,0,0,1,0,2,2,0,21,12,21,13,8,13,23,22,9,13,,,,,,,,,,-4065.0
236,4,4,4,3,4,4,4,4,3,4,0,0,0,0,0,1,0,2,2,0,11,12,11,13,8,13,23,22,9,20,,,,,-13040.0,-4065.0,,,-35045.0,
237,4,4,4,3,4,4,4,4,3,4,0,0,0,0,0,1,0,3,2,0,11,12,11,13,18,23,13,11,19,20,,,,,,,,,,
238,4,4,4,3,4,4,4,4,3,4,0,0,0,0,0,1,0,3,2,2,11,12,11,13,18,23,13,11,19,8,,-4060.0,,-3065.0,,,,,,
239,4,4,4,3,4,4,4,4,3,4,0,0,0,0,0,1,0,3,2,2,11,22,11,23,18,13,13,11,19,8,-3055.0,,,,,,,,,
240,4,4,4,3,4,4,4,4,3,4,0,0,0,0,0,1,0,3,2,2,21,22,11,23,8,13,13,11,9,8,,,-4055.0,,,,-4065.0,,,
241,4,4,4,3,4,4,4,4,3,4,0,0,0,0,0,1,0,3,2,2,21,12,21,13,8,13,23,11,9,8,,,,,,,,,,-5040.0
242,4,4,4,3,4,4,4,4,3,4,0,0,0,0,0,1,0,3,2,2,11,12,21,13,8,13,23,11,9,21,,,,,,-5065.0,,-6055.0,,
243,4,4,4,3,4,4,4,4,3,4,0,0,0,0,0,1,0,3,2,2,11,12,11,13,8,23,13,22,9,21,,,,,,,,,,
244,4,4,4,3,4,4,4,4,3,4,0,0,0,0,0,1,0,3,2,2,11,12,11,13,8,23,13,22,9,21,,-4060.0,,-3065.0,-23040.0,,,,-25045.0,
245,4,4,4,3,4,4,4,4,3,4,0,0,0,0,0,1,0,2,2,1,11,22,11,23,18,13,13,13,19,12,-14055.0,,,,,,,,,
246,4,4,4,3,4,4,4,4,3,4,0,0,0,0,0,1,0,2,2,1,21,22,11,23,18,13,13,13,19,12,,,,,,,-3065.0,,,
247,4,4,4,3,4,4,4,4,3,4,0,0,0,0,0,1,0,2,2,1,21,12,11,13,18,13,23,13,19,12,,,,,,,,,,
248,4,4,4,3,4,4,4,4,3,4,0,0,0,0,0,1,0,2,2,1,11,12,11,13,8,13,23,13,9,12,,,-4055.0,,,,,,,-14060.0
249,4,4,4,3,4,4,4,4,3,4,0,0,0,0,0,1,0,2,2,1,11,12,21,13,8,13,13,13,9,20,,,,,,-5065.0,,-5065.0,,
250,4,4,4,3,4,4,4,4,3,4,0,0,0,0,0,1,0,2,2,1,11,12,21,13,8,23,13,22,9,20,,,,,,,,,,
251,4,4,4,3,4,4,4,4,3,4,0,0,0,0,0,1,0,2,2,2,11,12,11,13,8,23,13,22,9,9,-4055.0,,,,-14040.0,,,,,
252,4,4,4,3,4,4,4,4,3,4,0,0,0,0,0,1,0,3,2,2,21,12,11,13,18,13,13,11,9,9,,-4060.0,,-2065.0,,,,,-14045.0,
253,4,4,4,3,4,4,4,4,3,4,0,0,0,0,0,1,0,3,2,2,21,22,11,23,18,13,13,11,19,9,,,,,,,,,,
254,4,4,4,3,4,4,4,4,3,4,0,0,0,0,0,1,0,3,2,2,11,22,11,23,18,13,13,11,19,9,,,,,,,-4065.0,,,-5045.0
255,4,4,4,3,4,4,4,4,3,4,0,0,0,0,0,1,0,3,2,2,11,12,11,13,8,13,23,11,19,20,,,-3055.0,,,,,-17055.0,,
256,4,4,4,3,4,4,4,4,3,4,0,0,0,0,0,1,0,3,2,2,11,12,21,13,8,13,23,22,9,20,,,,,,,,,,
257,4,4,4,3,4,4,4,4,3,4,0,0,0,0,0,1,0,3,2,0,11,12,21,13,8,13,13,22,9,12,,,,,,-4065.0,,,,
258,4,4,4,3,4,4,4,4,3,4,0,0,0,0,0,1,0,2,2,0,11,12,11,13,8,23,13,13,9,12,-3055.0,,,,-14040.0,,,,,
259,4,4,4,3,4,4,4,4,3,4,0,0,0,0,0,1,0,2,2,0,21,12,11,13,18,23,13,13,9,12,,-4060.0,,-13065.0,,,,,,
260,4,4,4,3,4,4,4,4,3,4,0,0,0,0,0,1,0,2,2,0,21,22,11,23,18,13,13,13,9,12,,,,,,,,,-34045.0,-4060.0
261,4,4,4,3,4,4,4,4,3,4,0,0,0,0,0,1,0,2,2,0,11,22,11,23,18,13,13,13,19,20,,,-4055.0,,,,-3065.0,-6065.0,,
262,4,4,4,3,4,4,4,4,3,4,0,0,0,0,0,1,0,2,2,0,11,12,21,13,8,13,23,22,19,20,,,,,,,,,,
263,4,4,4,3,4,4,4,4,3,4,0,0,0,0,0,1,0,2,2,2,11,12,21,13,8,13,23,22,19,8,,,,,,-5065.0,,,,
264,4,4,4,3,4,4,4,4,3,4,0,0,0,0,0,1,0,3,2,2,11,12,11,13,8,23,13,11,9,8,-4055.0,,,,,,,,,
265,4,4,4,3,4,4,4,4,3,4,0,0,0,0,0,1,0,3,2,2,21,12,11,13,8,23,13,11,9,8,,-3060.0,,,,,,,,
266,4,4,4,3,4,4,4,4,3,4,0,0,0,0,0,1,0,3,2,2,21,22,11,13,8,13,13,11,9,8,,,,-2065.0,-4040.0,,,,,
267,4,4,4,3,4,4,4,4,3,4,0,0,0,0,0,1,0,3,2,2,11,22,11,23,18,13,13,11,9,8,,,,,,,,-7055.0,,-5040.0
268,4,4,4,3,4,4,4,4,3,4,0,0,0,0,0,1,0,3,2,2,11,12,11,23,18,13,13,22,9,21,,,-4055.0,,,,,,,
269,4,4,4,3,4,4,4,4,3,4,0,0,0,0,0,1,0,3,2,2,11,12,21,13,18,13,13,22,9,21,,,,,,-5065.0,-3065.0,,-35045.0,
270,4,4,4,3,4,4,4,4,3,4,0,0,0,0,0,1,0,2,2,2,11,12,21,13,8,23,23,13,19,21,-4055.0,,,,,,,,,
271,4,4,4,3,4,4,4,4,3,4,0,0,0,0,0,1,0,2,2,1,21,12,11,13,8,23,23,13,19,12,,,,,,,,,,
272,4,4,4,3,4,4,4,4,3,4,0,0,0,0,0,1,0,2,2,1,21,12,11,13,8,13,13,13,19,12,,-4060.0,,,,,,,,
273,4,4,4,3,4,4,4,4,3,4,0,0,0,0,0,1,0,2,2,1,11,22,11,13,8,13,13,13,9,12,,,,-3065.0,-4040.0,,,,,-35060.0
274,4,4,4,3,4,4,4,4,3,4,0,0,0,0,0,1,0,2,2,1,11,22,11,23,18,13,13,13,9,20,,,,,,,,-6065.0,,
275,4,4,4,3,4,4,4,4,3,4,0,0,0,0,0,1,0,2,2,1,11,12,11,23,18,13,13,22,9,20,,,-4055.0,,,,-4065.0,,,
276,4,4,4,3,4,4,4,4,3,4,0,0,0,0,0,1,0,2,2,2,11,12,21,13,18,13,23,22,9,9,,,,,,,,,,
277,4,4,4,3,4,4,4,4,3,4,0,0,0,0,0,1,0,3,2,2,11,12,21,13,8,13,23,11,9,9,-4055.0,,,,,-5065.0,,,-24045.0,
278,4,4,4,3,4,4,4,4,3,4,0,0,0,0,0,1,0,3,2,2,21,12,11,13,8,23,13,11,19,9,,-4060.0,,,,,,,,
279,4,4,4,3,4,4,4,4,3,4,0,0,0,0,0,1,0,3,2,2,21,22,11,13,8,23,13,11,19,9,,,,,,,,,,
280,4,4,4,3,4,4,4,4,3,4,0,0,0,0,0,1,0,3,2,2,11,22,11,13,8,13,13,11,19,9,,,,-3065.0,,,,-6055.0,,
281,4,4,4,3,4,4,4,4,3,4,0,0,0,0,0,1,0,3,2,2,11,12,11,23,8,13,13,22,9,9,,,,,,,,,,-6045.0
282,4,4,4,3,4,4,4,4,3,4,0,0,0,0,0,1,0,3,2,2,11,12,11,23,8,13,13,22,9,20,,,-4055.0,,-23040.0,,-4065.0,,,
283,4,4,4,3,4,4,4,4,3,4,0,0,0,0,0,1,0,2,2,2,11,12,21,13,18,13,23,13,9,20,,,,,,,,,,
284,4,4,4,3,4,4,4,4,3,4,0,0,0,0,0,1,0,2,2,0,11,12,21,13,18,13,23,13,9,12,-4055.0,,,,,-5065.0,,,-25045.0,
285,4,4,4,3,4,4,4,4,3,4,0,0,0,0,0,1,0,2,2,0,21,12,11,13,18,23,13,13,19,12,,-4060.0,,,,,,,,
286,4,4,4,3,4,4,4,4,3,4,0,0,0,0,0,1,0,2,2,0,21,22,11,13,8,23,13,13,19,12,,,,,,,,,,
287,4,4,4,3,4,4,4,4,3,4,0,0,0,0,0,1,0,2,2,0,11,22,11,13,8,13,13,13,19,12,,,,-13065.0,,,,-5065.0,,
288,4,4,4,3,4,4,4,4,3,4,0,0,0,0,0,1,0,2,2,0,11,12,11,23,8,13,13,22,9,12,,,,,,,,,,-3060.0
289,4,4,4,3,4,4,4,4,3,4,0,0,0,0,0,1,0,2,2,0,11,12,11,23,8,13,13,22,9,20,,,,,-13040.0,,-4065.0,,,
290,4,4,4,3,4,4,4,4,3,4,0,0,0,0,0,1,0,3,2,0,11,12,11,13,18,13,23,11,9,20,,,-3055.0,,,,,,,
291,4,4,4,3,4,4,4,4,3,4,0,0,0,0,0,1,0,3,2,2,11,12,21,13,18,13,23,11,9,8,-3055.0,,,,,-4065.0,,,,
292,4,4,4,3,4,4,4,4,3,4,0,0,0,0,0,1,0,3,2,2,21,12,21,13,18,23,13,11,9,8,,-3060.0,,,,,,,-15045.0,
293,4,4,4,3,4,4,4,4,3,4,0,0,0,0,0,1,0,3,2,2,21,22,11,13,8,23,13,11,19,8,,,,-3065.0,,,,-7055.0,,
294,4,4,4,3,4,4,4,4,3,4,0,0,0,0,0,1,0,3,2,2,11,22,11,23,8,13,13,22,19,8,,,,,,,,,,-6040.0
295,4,4,4,3,4,4,4,4,3,4,0,0,0,0,0,1,0,3,2,2,11,12,11,23,8,13,13,22,19,21,,,,,,,-3065.0,,,
296,4,4,4,3,4,4,4,4,3,4,0,0,0,0,0,1,0,2,2,2,11,12,11,13,8,13,23,13,9,21,,,-4055.0,,,-5065.0,,,,
297,4,4,4,3,4,4,4,4,3,4,0,0,0,0,0,1,0,2,2,0,11,12,21,13,8,23,23,13,9,13,-4055.0,,,,-13040.0,,,,,
298,4,4,4,3,4,4,4,4,3,4,0,0,0,0,0,1,0,2,2,0,21,12,21,13,18,23,13,13,9,13,,-4060.0,,,,,,,,
299,4,4,4,3,4,4,4,4,3,4,0,0,0,0,0,1,0,2,2,0,21,22,11,13,18,13,13,13,9,13,,,,,,,,,,
300,4,4,4,3,4,4,4,4,3,4,0,0,0,0,0,1,0,2,2,0,11,22,11,13,18,13,13,13,9,13,,,,-2065.0,,,,-6065.0,-15045.0,-4065.0
301,4,4,4,3,4,4,4,4,3,4,0,0,0,0,0,1,0,2,2,0,11,12,11,23,8,13,13,22,19,20,,,,,,,-13065.0,,,
302,4,4,4,3,4,4,4,4,3,4,0,0,0,0,0,1,0,2,2,0,11,12,11,23,8,13,23,22,19,20,,,,,,-5065.0,,,,
303,4,4,4,3,4,4,4,4,3,4,0,0,0,0,0,1,0,3,2,2,11,12,11,13,8,23,23,11,19,8,,,-4055.0,,,,,,,
304,4,4,4,3,4,4,4,4,3,4,0,0,0,0,0,1,0,3,2,2,11,12,21,13,8,23,13,11,9,8,-3055.0,,,,,,,,,
305,4,4,4,3,4,4,4,4,3,4,0,0,0,0,0,1,0,3,2,2,21,12,21,13,8,13,13,11,9,8,,,,,,,,-7055.0,,
306,4,4,4,3,4,4,4,4,3,4,0,0,0,0,0,1,0,3,2,2,21,12,11,13,8,13,13,22,9,8,,-3060.0,,,-14040.0,,,,,
307,4,4,4,3,4,4,4,4,3,4,0,0,0,0,0,1,0,3,2,2,11,22,11,13,18,13,13,22,9,8,,,,-13065.0,,,-4065.0,,-25045.0,
308,4,4,4,3,4,4,4,4,3,4,0,0,0,0,0,1,0,2,2,2,11,22,11,23,18,13,23,13,19,8,,,,,,,,,,-5040.0
309,4,4,4,3,4,4,4,4,3,4,0,0,0,0,0,1,0,2,2,2,11,12,11,23,18,13,23,13,19,21,,,,,,-5065.0,,,,
310,4,4,4,3,4,4,4,4,3,4,0,0,0,0,0,1,0,2,2,2,11,12,11,13,8,23,13,13,19,21,-14055.0,,-4055.0,,,,,,,
311,4,4,4,3,4,4,4,4,3,4,0,0,0,0,0,1,0,2,2,2,21,12,21,13,8,23,13,13,9,21,,-4060.0,,,,,,,,
312,4,4,4,3,4,4,4,4,3,4,0,0,0,0,0,1,0,2,2,1,21,22,21,13,8,13,13,13,9,12,,,,,,,,-6065.0,,
313,4,4,4,3,4,4,4,4,3,4,0,0,0,0,0,1,0,2,2,1,11,22,11,13,8,13,13,22,9,12,,,,,,,-4065.0,,,
314,4,4,4,3,4,4,4,4,3,4,0,0,0,0,0,1,0,2,2,1,11,12,11,13,8,13,23,22,9,12,,,,,-14040.0,,,,,
315,4,4,4,3,4,4,4,4,3,4,0,0,0,0,0,1,0,3,2,1,11,12,11,13,18,13,23,11,9,12,,,,-2065.0,,-4065.0,,,,
316,4,4,4,3,4,4,4,4,3,4,0,0,0,0,0,1,0,3,2,1,11,12,11,23,18,23,13,11,9,12,,,,,,,,,-15045.0,-5060.0
317,4,4,4,3,4,4,4,4,3,4,0,0,0,0,0,1,0,3,2,1,11,12,11,23,18,23,13,11,19,20,-4055.0,,,,,,,,,
318,4,4,4,3,4,4,4,4,3,4,0,0,0,0,0,1,0,3,2,1,21,12,11,13,8,13,13,11,19,20,,-4060.0,-4055.0,,,,,,,
319,4,4,4,3,4,4,4,4,3,4,0,0,0,0,0,1,0,3,2,2,21,22,21,13,8,13,13,11,19,9,,,,,,,,-7055.0,,
320,4,4,4,3,4,4,4,4,3,4,0,0,0,0,0,1,0,3,2,2,11,22,21,13,8,13,13,22,9,9,,,,,,,-3065.0,,,
321,4,4,4,3,4,4,4,4,3,4,0,0,0,0,0,1,0,3,2,2,11,12,11,13,8,13,23,22,9,9,,,,,-4040.0,-5065.0,,,,
322,4,4,4,3,4,4,4,4,3,4,0,0,0,0,0,1,0,2,2,2,11,12,11,13,18,23,23,13,9,9,,,,,,,,,,
323,4,4,4,3,4,4,4,4,3,4,0,0,0,0,0,1,0,2,2,2,11,12,11,13,18,23,13,13,9,9,,,,-22065.0,,,,,,
324,4,4,4,3,4,4,4,4,3,4,0,0,0,0,0,1,0,2,2,2,11,12,11,23,18,13,13,13,9,9,-4055.0,,,,,,,,,-6045.0
325,4,4,4,3,4,4,4,4,3,4,0,0,0,0,0,1,0,2,2,2,21,12,11,23,8,13,13,13,9,20,,-4060.0,-4055.0,,,,,,-34045.0,
326,4,4,4,3,4,4,4,4,3,4,0,0,0,0,0,1,0,2,2,2,21,22,21,13,8,13,13,13,19,20,,,,,,,,,,
327,4,4,4,3,4,4,4,4,3,4,0,0,0,0,0,1,0,2,2,0,11,22,21,13,8,13,13,13,19,12,,,,,,,-3065.0,-5065.0,,
328,4,4,4,3,4,4,4,4,3,4,0,0,0,0,0,1,0,2,2,0,11,12,11,13,8,13,23,22,19,12,,,,,,-4065.0,,,,
329,4,4,4,3,4,4,4,4,3,4,0,0,0,0,0,1,0,2,2,0,11,12,11,13,8,23,23,22,9,12,,,,,-3040.0,,,,,
330,4,4,4,3,4,4,4,4,3,4,0,0,0,0,0,1,0,3,2,0,11,12,11,13,18,23,13,11,9,12,-4055.0,,,,,,,,,
331,4,4,4,3,4,4,4,4,3,4,0,0,0,0,0,1,0,3,2,0,21,12,11,13,18,13,13,11,9,12,,-3060.0,,,,,,,,-4060.0
332,4,4,4,3,4,4,4,4,3,4,0,0,0,0,0,1,0,3,2,0,21,22,11,13,18,13,13,11,9,20,,,-3055.0,-3065.0,,,-4065.0,-7055.0,,
333,4,4,4,3,4,4,4,4,3,4,0,0,0,0,0,1,0,3,2,0,11,22,21,23,8,13,23,22,9,20,,,,,,,,,-25045.0,
334,4,4,4,3,4,4,4,4,3,4,0,0,0,0,0,1,0,3,2,2,11,12,21,23,8,13,23,22,19,8,,,,,,-5065.0,,,,
335,4,4,4,3,4,4,4,4,3,4,0,0,0,0,0,1,0,2,2,2,11,12,11,13,8,23,13,13,19,8,,,,,,,,,,
336,4,4,4,3,4,4,4,4,3,4,0,0,0,0,0,1,0,2,2,2,11,12,11,13,8,23,13,13,19,8,-3055.0,,,,-34040.0,,,,,
337,4,4,4,3,4,4,4,4,3,4,0,0,0,0,0,1,0,2,2,2,21,12,11,13,18,13,13,13,9,8,,-14060.0,-14055.0,,,,-4065.0,,,
338,4,4,4,3,4,4,4,4,3,4,0,0,0,0,0,1,0,2,2,2,21,22,21,13,18,13,23,13,9,8,,,,,,,,-5065.0,,-5040.0
339,4,4,4,3,4,4,4,4,3,4,0,0,0,0,0,1,0,2,2,2,11,22,21,13,18,13,23,22,9,21,,,,-13065.0,,,,,,
340,4,4,4,3,4,4,4,4,3,4,0,0,0,0,0,1,0,2,2,2,11,12,11,23,8,13,13,22,9,21,,,,,,,,,,
341,4,4,4,3,4,4,4,4,3,4,0,0,0,0,0,1,0,3,2,2,11,12,11,23,8,13,13,11,9,21,,,,,,,,,-15045.0,
342,4,4,4,3,4,4,4,4,3,4,0,0,0,0,0,1,0,3,2,1,11,12,11,13,8,13,13,11,19,12,-4055.0,,,,,-5065.0,,,,
343,4,4,4,3,4,4,4,4,3,4,0,0,0,0,0,1,0,3,2,1,21,12,11,13,8,23,13,11,19,12,,,,,-4040.0,,,,,
344,4,4,4,3,4,4,4,4,3,4,0,0,0,0,0,1,0,3,2,1,21,12,11,13,18,23,13,11,19,12,,-3060.0,-3055.0,,,,-3065.0,,,
345,4,4,4,3,4,4,4,4,3,4,0,0,0,0,0,1,0,3,2,1,11,22,21,13,18,13,23,11,9,12,,,,,,,,-17055.0,,-15060.0
346,4,4,4,3,4,4,4,4,3,4,0,0,0,0,0,1,0,3,2,1,11,22,21,13,18,13,23,22,9,20,,,,,,,,,,
347,4,4,4,3,4,4,4,4,3,4,0,0,0,0,0,1,0,3,2,1,11,12,11,13,8,13,13,22,9,20,,,,-3065.0,,,,,,
348,4,4,4,3,4,4,4,4,3,4,0,0,0,0,0,1,0,2,2,2,11,12,11,23,8,13,13,13,9,9,,,,,,-5065.0,,,,
349,4,4,4,3,4,4,4,4,3,4,0,0,0,0,0,1,0,2,2,2,11,12,11,23,8,23,13,13,9,9,,,,,,,,,,
350,4,4,4,3,4,4,4,4,3,4,0,0,0,0,0,1,0,2,2,2,11,12,11,13,8,23,13,13,9,9,-3055.0,,-3055.0,,-3040.0,,-4065.0,,-25045.0,
351,4,4,4,3,4,4,4,4,3,4,0,0,0,0,0,1,0,2,2,2,21,12,21,13,18,13,23,13,19,9,,-3060.0,,,,,,,,
352,4,4,4,3,4,4,4,4,3,4,0,0,0,0,0,1,0,2,2,2,21,22,21,13,18,13,23,13,19,9,,,,,,,,,,-5045.0
353,4,4,4,3,4,4,4,4,3,4,0,0,0,0,0,1,0,2,2,2,11,22,11,13,18,13,13,13,19,20,,,,-3065.0,,,,-6065.0,,
354,4,4,4,3,4,4,4,4,3,4,0,0,0,0,0,1,0,2,2,2,11,12,11,23,8,13,13,22,9,20,,,,,,,,,,
355,4,4,4,3,4,4,4,4,3,4,0,0,0,0,0,1,0,2,2,0,11,12,11,23,8,13,13,22,9,12,,,,,,,-4065.0,,,
356,4,4,4,3,4,4,4,4,3,4,0,0,0,0,0,1,0,3,2,0,11,12,11,13,8,13,23,11,9,12,,-4060.0,-3055.0,,,-5065.0,,,,
357,4,4,4,3,4,4,4,4,3,4,0,0,0,0,0,1,0,3,2,0,11,22,21,13,8,23,23,11,9,12,,,,,-23040.0,,,,-15045.0,-4060.0
358,4,4,4,3,4,4,4,4,3,4,0,0,0,0,0,1,0,3,2,0,11,22,21,13,18,23,13,11,19,20,-3055.0,,,,,,,,,
359,4,4,4,3,4,4,4,4,3,4,0,0,0,0,0,1,0,3,2,0,21,12,11,13,18,13,13,11,19,20,,,,,,,,,,
360,4,4,4,3,4,4,4,4,3,4,0,0,0,0,0,1,0,3,2,2,21,12,11,13,18,13,13,11,19,8,,,,-2065.0,,,,,,
361,4,4,4,3,4,4,4,4,3,4,0,0,0,0,0,1,0,3,2,2,11,12,11,23,8,13,13,11,9,8,,,,,,,,,,
362,4,4,4,3,4,4,4,4,3,4,0,0,0,0,0,1,0,3,2,2,11,12,11,23,8,13,13,11,9,8,,,-13055.0,,,-5065.0,-4065.0,-6055.0,,
363,4,4,4,3,4,4,4,4,3,4,0,0,0,0,0,1,0,3,2,2,11,12,21,13,8,23,23,22,9,8,,-4060.0,,,,,,,,-5040.0
364,4,4,4,3,4,4,4,4,3,4,0,0,0,0,0,1,0,3,2,2,11,22,21,13,8,23,23,22,9,21,-14055.0,,,,-3040.0,,,,,
365,4,4,4,3,4,4,4,4,3,4,0,0,0,0,0,1,0,2,2,2,21,22,11,13,18,13,13,13,9,21,,,,,,,,,-25045.0,
366,4,4,4,3,4,4,4,4,3,4,0,0,0,0,0,1,0,2,2,2,21,12,11,13,18,13,13,13,19,21,,,,,,,,,,
367,4,4,4,3,4,4,4,4,3,4,0,0,0,0,0,1,0,2,2,1,11,12,11,13,18,13,13,13,19,12,,,,,,,,,,
368,4,4,4,3,4,4,4,4,3,4,0,0,0,0,0,1,0,2,2,1,11,12,11,13,8,13,13,13,19,12,,,-13055.0,,,,-4065.0,-15065.0,,
369,4,4,4,3,4,4,4,4,3,4,0,0,0,0,0,1,0,2,2,1,11,12,21,13,8,13,23,22,9,12,,,,-22065.0,,,,,,-15060.0
370,4,4,4,3,4,4,4,4,3,4,0,0,0,0,0,1,0,2,2,1,11,12,21,23,8,13,23,22,9,20,-4055.0,-4060.0,,,,-5065.0,,,,
371,4,4,4,3,4,4,4,4,3,4,0,0,0,0,0,1,0,3,2,1,21,22,11,23,8,23,13,11,9,20,,,,,-24040.0,,,,,
372,4,4,4,3,4,4,4,4,3,4,0,0,0,0,0,1,0,3,2,2,21,22,11,13,18,23,13,11,9,9,,,,,,,,,,
373,4,4,4,3,4,4,4,4,3,4,0,0,0,0,0,1,0,3,2,2,11,12,11,13,18,13,13,11,9,9,,,-14055.0,,,,,,-14045.0,
374,4,4,4,3,4,4,4,4,3,4,0,0,0,0,0,1,0,3,2,2,11,12,21,13,18,13,13,11,19,9,,,,,,,,-7055.0,,
375,4,4,4,3,4,4,4,4,3,4,0,0,0,0,0,1,0,3,2,2,11,12,21,13,8,13,13,22,19,9,,,,,,,,,,-6045.0
376,4,4,4,3,4,4,4,4,3,4,0,0,0,0,0,1,0,3,2,2,11,12,11,13,8,13,13,22,19,20,,-4060.0,,-13065.0,,,-4065.0,,,
377,4,4,4,3,4,4,4,4,3,4,0,0,0,0,0,1,0,2,2,2,11,22,11,23,8,13,23,13,9,20,,,,,,-4065.0,,,,
378,4,4,4,3,4,4,4,4,3,4,0,0,0,0,0,1,0,2,2,0,11,22,11,23,8,23,23,13,9,12,-4055.0,,,,,,,,,
379,4,4,4,3,4,4,4,4,3,4,0,0,0,0,0,1,0,2,2,0,21,12,11,13,8,23,13,13,9,12,,,,,-23040.0,,,,,
380,4,4,4,3,4,4,4,4,3,4,0,0,0,0,0,1,0,2,2,0,21,12,11,13,18,13,13,13,9,12,,,-3055.0,,,,,-6065.0,,
381,4,4,4,3,4,4,4,4,3,4,0,0,0,0,0,1,0,2,2,0,11,12,21,13,18,13,13,22,9,12,,,,,,,,,-34045.0,
382,4,4,4,3,4,4,4,4,3,4,0,0,0,0,0,1,0,2,2,0,11,12,21,13,18,13,13,22,19,12,,,,,,,,,,
383,4,4,4,3,4,4,4,4,3,4,0,0,0,0,0,1,0,3,2,0,11,12,11,13,8,13,13,11,19,12,,,,,,-5065.0,,,,-4060.0
384,4,4,4,3,4,4,4,4,3,4,0,0,0,0,0,1,0,3,2,0,11,12,11,13,8,23,13,11,19,20,-4055.0,,,-3065.0,,,-3065.0,,,
385,4,4,4,3,4,4,4,4,3,4,0,0,0,0,0,1,0,3,2,0,21,12,11,23,8,23,23,11,9,20,,-4060.0,,,,,,,,
386,4,4,4,3,4,4,4,4,3,4,0,0,0,0,0,1,0,3,2,2,21,22,11,23,8,13,23,11,9,8,,,-4055.0,,-14040.0,,,,,
387,4,4,4,3,4,4,4,4,3,4,0,0,0,0,0,1,0,3,2,2,11,22,21,13,18,13,13,11,9,8,,,,,,,,-7055.0,,
388,4,4,4,3,4,4,4,4,3,4,0,0,0,0,0,1,0,3,2,2,11,12,21,13,18,13,13,22,9,8,,,,,,,,,,
389,4,4,4,3,4,4,4,4,3,4,0,0,0,0,0,1,0,3,2,2,11,12,11,13,18,13,13,22,9,8,,,,,,,,,,-6040.0
390,4,4,4,3,4,4,4,4,3,4,0,0,0,0,0,1,0,2,2,2,11,12,11,13,8,13,13,13,9,21,,,,,,,-4065.0,,-25045.0,
391,4,4,4,3,4,4,4,4,3,4,0,0,0,0,0,1,0,2,2,2,11,12,11,13,8,13,23,13,19,21,-3055.0,,-4055.0,-3065.0,,-4065.0,,,,
392,4,4,4,3,4,4,4,4,3,4,0,0,0,0,0,1,0,2,2,0,21,12,21,23,8,23,23,13,19,13,,,,,,,,,,
393,4,4,4,3,4,4,4,4,3,4,0,0,0,0,0,1,0,2,2,0,21,12,21,23,8,23,13,13,19,13,,-4060.0,,,-4040.0,,,,,
394,4,4,4,3,4,4,4,4,3,4,0,0,0,0,0,1,0,2,2,0,11,22,11,13,18,13,13,13,9,13,,,,,,,,-5065.0,,
395,4,4,4,3,4,4,4,4,3,4,0,0,0,0,0,1,0,2,2,0,11,22,11,13,18,13,13,22,9,13,,,,,,,,,,
396,4,4,4,3,4,4,4,4,3,4,0,0,0,0,0,1,0,2,2,0,11,12,11,13,18,13,13,22,9,13,-4055.0,,,,,,,,,-3065.0
397,4,4,4,3,4,4,4,4,3,4,0,0,0,0,0,1,0,3,2,0,21,12,11,13,8,13,13,11,9,20,,,,,,,-4065.0,,,
398,4,4,4,3,4,4,4,4,3,4,0,0,0,0,0,1,0,3,2,0,21,12,11,13,8,13,23,11,9,20,,,-3055.0,,,-5065.0,,,-14045.0,
399,4,4,4,3,4,4,4,4,3,4,0,0,0,0,0,1,0,3,2,2,11,12,21,13,8,23,23,11,19,8,,-4060.0,,-12065.0,,,,,,
400,4,4,4,3,4,4,4,4,3,4,0,0,0,0,0,1,0,3,2,2,11,22,21,23,8,23,13,11,19,8,,,,,,,,,,
401,4,4,4,3,4,4,4,4,3,4,0,0,0,0,0,1,0,3,2,2,11,22,11,23,8,13,13,11,19,8,,,,,-4040.0,,,-7055.0,,
402,4,4,4,3,4,4,4,4,3,4,0,0,0,0,0,1,0,3,2,2,11,12,11,13,18,13,13,22,9,8,,,,,,,,,,
403,4,4,4,3,4,4,4,4,3,4,0,0,0,0,0,1,0,3,2,2,11,12,11,13,18,13,13,22,9,8,-4055.0,,,,,,,,,
404,4,4,4,3,4,4,4,4,3,4,0,0,0,0,0,1,0,2,2,2,21,12,11,13,18,13,13,13,9,8,,,-14055.0,,,,,,,-5040.0
405,4,4,4,3,4,4,4,4,3,4,0,0,0,0,0,1,0,2,2,2,21,12,21,13,8,13,13,13,9,21,,,,-13065.0,,-4065.0,-4065.0,,-35045.0,
406,4,4,4,3,4,4,4,4,3,4,0,0,0,0,0,1,0,2,2,2,11,12,21,23,8,23,23,13,19,21,,-3060.0,,,,,,,,
407,4,4,4,3,4,4,4,4,3,4,0,0,0,0,0,1,0,2,2,2,11,22,11,23,8,23,23,13,19,21,,,,,,,,,,
408,4,4,4,3,4,4,4,4,3,4,0,0,0,0,0,1,0,2,2,1,11,22,11,13,8,13,13,13,19,12,-4055.0,,,,,,,-5065.0,,
409,4,4,4,3,4,4,4,4,3,4,0,0,0,0,0,1,0,2,2,1,21,12,11,13,8,13,13,22,9,12,,,,,-14040.0,,,,,
410,4,4,4,3,4,4,4,4,3,4,0,0,0,0,0,1,0,2,2,1,21,12,11,13,18,13,13,22,9,12,,,,,,,,,,
411,4,4,4,3,4,4,4,4,3,4,0,0,0,0,0,1,0,3,2,1,11,12,11,13,18,13,13,11,9,12,,,,-13065.0,,,,,,
412,4,4,4,3,4,4,4,4,3,4,0,0,0,0,0,1,0,3,2,1,11,12,11,23,18,13,13,11,9,12,,,,,,-14065.0,-4065.0,,,-25060.0
413,4,4,4,3,4,4,4,4,3,4,0,0,0,0,0,1,0,3,2,1,11,12,11,23,8,23,23,11,9,20,,-3060.0,-4055.0,,,,,,,
414,4,4,4,3,4,4,4,4,3,4,0,0,0,0,0,1,0,3,2,1,11,22,21,13,8,23,23,11,9,20,,,,,,,,-7055.0,-4045.0,
415,4,4,4,3,4,4,4,4,3,4,0,0,0,0,0,1,0,3,2,2,11,22,21,13,8,13,13,22,19,9,,,,,,,,,,
416,4,4,4,3,4,4,4,4,3,4,0,0,0,0,0,1,0,3,2,2,11,12,11,13,8,13,13,22,19,9,-4055.0,,,,,,,,,
417,4,4,4,3,4,4,4,4,3,4,0,0,0,0,0,1,0,2,2,2,21,12,11,13,8,13,13,13,19,9,,,,,-3040.0,,,,,
418,4,4,4,3,4,4,4,4,3,4,0,0,0,0,0,1,0,2,2,2,21,12,11,13,18,13,13,13,9,9,,-4060.0,,,,,,,,-6045.0
419,4,4,4,3,4,4,4,4,3,4,0,0,0,0,0,1,0,2,2,2,11,22,11,13,18,13,13,13,9,20,,,-4055.0,-12065.0,,-5065.0,,,,
420,4,4,4,3,4,4,4,4,3,4,0,0,0,0,0,1,0,2,2,2,11,22,21,23,18,23,13,13,9,20,,,,,,,-3065.0,,,
421,4,4,4,3,4,4,4,4,3,4,0,0,0,0,0,1,0,2,2,0,11,12,21,23,8,23,23,13,9,12,,,,,,,,,-25045.0,
422,4,4,4,3,4,4,4,4,3,4,0,0,0,0,0,1,0,2,2,0,11,12,11,13,8,13,23,13,19,12,-4055.0,,,,,,,,,
423,4,4,4,3,4,4,4,4,3,4,0,0,0,0,0,1,0,2,2,0,21,12,11,13,8,13,13,13,19,12,,,,,,,,-6065.0,,
424,4,4,4,3,4,4,4,4,3,4,0,0,0,0,0,1,0,2,2,0,21,12,11,13,8,13,13,22,19,12,,,,,-3040.0,,,,,-3060.0
425,4,4,4,3,4,4,4,4,3,4,0,0,0,0,0,1,0,2,2,0,11,12,11,13,18,13,13,22,9,20,,,,,,,,,,
426,4,4,4,3,4,4,4,4,3,4,0,0,0,0,0,1,0,3,2,0,11,12,11,13,18,13,13,11,9,20,,-4060.0,-4055.0,,,-4065.0,-4065.0,,,
427,4,4,4,3,4,4,4,4,3,4,0,0,0,0,0,1,0,3,2,2,11,22,21,13,18,23,23,11,9,8,,,,-12065.0,,,,,,
428,4,4,4,3,4,4,4,4,3,4,0,0,0,0,0,1,0,3,2,2,11,22,21,23,8,23,23,11,9,8,-4055.0,,,,,,,,-35045.0,
429,4,4,4,3,4,4,4,4,3,4,0,0,0,0,0,1,0,3,2,2,21,12,11,23,8,13,13,11,19,8,,,,,,,,,,-16040.0
430,4,4,4,3,4,4,4,4,3,4,0,0,0,0,0,1,0,3,2,2,21,12,11,13,8,13,13,11,19,21,,,,,,,,,,
431,4,4,4,3,4,4,4,4,3,4,0,0,0,0,0,1,0,3,2,2,11,12,11,13,8,13,13,11,19,21,,,,,,-15065.0,,-7055.0,,
432,4,4,4,3,4,4,4,4,3,4,0,0,0,0,0,1,0,3,2,0,11,12,11,13,8,23,13,22,9,13,,,-3055.0,,-24040.0,,-4065.0,,,
433,4,4,4,3,4,4,4,4,3,4,0,0,0,0,0,1,0,3,2,0,11,12,21,13,18,23,23,22,9,13,,-4060.0,,,,,,,,
434,4,4,4,3,4,4,4,4,3,4,0,0,0,0,0,1,0,2,2,0,11,22,21,13,18,13,23,13,9,13,,,,,,,,,,
435,4,4,4,3,4,4,4,4,3,4,0,0,0,0,0,1,0,2,2,0,11,22,11,13,18,13,13,13,9,13,-4055.0,,,-22065.0,,,,,,-4065.0
436,4,4,4,3,4,4,4,4,3,4,0,0,0,0,0,1,0,2,2,0,21,12,11,23,8,13,13,13,9,20,,,,,,,,,-24045.0,
437,4,4,4,3,4,4,4,4,3,4,0,0,0,0,0,1,0,2,2,0,21,12,11,23,8,13,13,13,19,20,,,,,,-4065.0,-4065.0,-6065.0,,
438,4,4,4,3,4,4,4,4,3,4,0,0,0,0,0,1,0,2,2,2,11,12,11,13,8,23,23,22,19,8,,,-4055.0,,,,,,,
439,4,4,4,3,4,4,4,4,3,4,0,0,0,0,0,1,0,2,2,2,11,12,21,13,8,23,23,22,19,8,,,,,,,,,,
440,4,4,4,3,4,4,4,4,3,4,0,0,0,0,0,1,0,3,2,2,11,12,21,13,8,13,13,11,9,8,,-4060.0,,,-4040.0,,,,,
441,4,4,4,3,4,4,4,4,3,4,0,0,0,0,0,1,0,3,2,2,11,22,11,13,18,13,13,11,9,8,-4055.0,,,-2065.0,,,,,,
442,4,4,4,3,4,4,4,4,3,4,0,0,0,0,0,1,0,3,2,2,21,22,11,23,18,13,13,11,9,8,,,,,,,,,,
443,4,4,4,3,4,4,4,4,3,4,0,0,0,0,0,1,0,3,2,2,21,12,11,23,18,13,13,11,9,8,,,,,,-15065.0,,,,-5040.0
444,4,4,4,3,4,4,4,4,3,4,0,0,0,0,0,1,0,3,2,2,11,12,11,13,8,23,13,11,9,21,,,,,,,-3065.0,,-34045.0,
445,4,4,4,3,4,4,4,4,3,4,0,0,0,0,0,1,0,3,2,2,11,12,11,13,8,23,23,11,19,21,,,-4055.0,,,,,-6055.0,,
446,4,4,4,3,4,4,4,4,3,4,0,0,0,0,0,1,0,3,2,2,11,12,21,13,8,13,23,22,19,21,,,,,,,,,,
447,4,4,4,3,4,4,4,4,3,4,0,0,0,0,0,1,0,3,2,1,11,12,21,13,8,13,13,22,19,12,,-3060.0,,-12065.0,,,,,,
448,4,4,4,3,4,4,4,4,3,4,0,0,0,0,0,1,0,2,2,1,11,22,11,23,8,13,13,13,9,12,,,,,-13040.0,,,,,
449,4,4,4,3,4,4,4,4,3,4,0,0,0,0,0,1,0,2,2,1,11,22,11,23,18,13,13,13,9,12,,,,,,,,,,
450,4,4,4,3,4,4,4,4,3,4,0,0,0,0,0,1,0,2,2,1,11,12,11,13,18,13,13,13,9,12,-4055.0,,,,,-4065.0,-14065.0,,,
451,4,4,4,3,4,4,4,4,3,4,0,0,0,0,0,1,0,2,2,1,21,12,11,13,18,23,23,13,9,12,,,,,,,,-6065.0,,
452,4,4,4,3,4,4,4,4,3,4,0,0,0,0,0,1,0,2,2,1,21,12,11,13,8,23,23,22,9,12,,,-4055.0,,,,,,-25045.0,-34060.0
453,4,4,4,3,4,4,4,4,3,4,0,0,0,0,0,1,0,2,2,1,11,12,21,13,8,13,13,22,19,20,,-4060.0,,-12065.0,,,,,,
454,4,4,4,3,4,4,4,4,3,4,0,0,0,0,0,1,0,3,2,1,11,22,21,23,8,13,13,11,19,20,,,,,,,,,,
455,4,4,4,3,4,4,4,4,3,4,0,0,0,0,0,1,0,3,2,2,11,22,11,23,8,13,13,11,19,9,-4055.0,,,,-24040.0,-15065.0,,,,
456,4,4,4,3,4,4,4,4,3,4,0,0,0,0,0,1,0,3,2,2,21,12,11,13,18,23,13,11,9,9,,,,,,,,,,
457,4,4,4,3,4,4,4,4,3,4,0,0,0,0,0,1,0,3,2,2,21,12,11,13,18,23,13,11,9,9,,,,,,,,-6055.0,,
458,4,4,4,3,4,4,4,4,3,4,0,0,0,0,0,1,0,3,2,2,11,12,11,13,18,13,13,22,9,9,,,,,,,-3065.0,,,
459,4,4,4,3,4,4,4,4,3,4,0,0,0,0,0,1,0,3,2,2,11,12,11,13,8,13,23,22,9,9,,-4060.0,,-13065.0,,,,,,-5045.0
460,4,4,4,3,4,4,4,4,3,4,0,0,0,0,0,1,0,2,2,2,11,22,11,23,8,13,23,13,9,20,,,-4055.0,,,,,,-15045.0,
461,4,4,4,3,4,4,4,4,3,4,0,0,0,0,0,1,0,2,2,2,11,22,21,23,8,13,13,13,19,20,,,,,,,,,,
462,4,4,4,3,4,4,4,4,3,4,0,0,0,0,0,1,0,2,2,0,11,12,21,13,8,13,13,13,19,12,-3055.0,,,,,,,-6065.0,,
463,4,4,4,3,4,4,4,4,3,4,0,0,0,0,0,1,0,2,2,0,21,12,11,13,8,13,13,22,19,12,,,,,-14040.0,-4065.0,,,,
464,4,4,4,3,4,4,4,4,3,4,0,0,0,0,0,1,0,2,2,0,21,12,11,13,18,23,13,22,9,12,,,,,,,-14065.0,,,
465,4,4,4,3,4,4,4,4,3,4,0,0,0,0,0,1,0,3,2,0,11,12,11,13,18,23,23,11,9,12,,-4060.0,,,,,,,,-4060.0
466,4,4,4,3,4,4,4,4,3,4,0,0,0,0,0,1,0,3,2,0,11,22,11,13,18,13,23,11,9,20,,,,-3065.0,,,,,,
467,4,4,4,3,4,4,4,4,3,4,0,0,0,0,0,1,0,3,2,0,11,22,11,23,8,13,13,11,9,20,,,-4055.0,,,,,,,
468,4,4,4,3,4,4,4,4,3,4,0,0,0,0,0,1,0,3,2,2,11,12,21,23,8,13,13,11,9,8,-14055.0,,,,,,,-6055.0,,
469,4,4,4,3,4,4,4,4,3,4,0,0,0,0,0,1,0,3,2,2,21,12,21,13,8,13,13,22,9,8,,,,,,-15065.0,,,-25045.0,
470,4,4,4,3,4,4,4,4,3,4,0,0,0,0,0,1,0,3,2,2,21,12,11,13,8,23,13,22,19,8,,,,,-24040.0,,,,,
471,4,4,4,3,4,4,4,4,3,4,0,0,0,0,0,1,0,2,2,2,11,12,11,13,18,23,13,13,19,8,,-4060.0,,,,,-4065.0,,,
472,4,4,4,3,4,4,4,4,3,4,0,0,0,0,0,1,0,2,2,2,11,22,11,13,18,13,23,13,19,8,,,,,,,,,,-6040.0
473,4,4,4,3,4,4,4,4,3,4,0,0,0,0,0,1,0,2,2,2,11,22,11,13,18,13,23,13,9,21,,,,-3065.0,,,,,,
474,4,4,4,3,4,4,4,4,3,4,0,0,0,0,0,1,0,2,2,2,11,12,11,23,8,13,13,13,9,21,,,,,,,,-6065.0,,
475,4,4,4,3,4,4,4,4,3,4,0,0,0,0,0,1,0,2,2,0,11,12,11,23,8,13,13,22,9,13,-3055.0,,-4055.0,,,,,,,
476,4,4,4,3,4,4,4,4,3,4,0,0,0,0,0,1,0,2,2,0,21,12,21,13,8,13,13,22,9,13,,,,,-4040.0,-5065.0,,,,
477,4,4,4,3,4,4,4,4,3,4,0,0,0,0,0,1,0,3,2,0,21,12,21,13,18,23,13,11,9,13,,,,,,,,,-25045.0,
478,4,4,4,3,4,4,4,4,3,4,0,0,0,0,0,1,0,3,2,0,11,12,11,13,18,23,13,11,19,13,,,,,,,-3065.0,,,
479,4,4,4,3,4,4,4,4,3,4,0,0,0,0,0,1,0,3,2,0,11,12,11,13,18,13,23,11,19,13,,-4060.0,,,,,,,,-4065.0
480,4,4,4,3,4,4,4,4,3,4,0,0,0,0,0,1,0,3,2,0,11,22,11,13,8,13,23,11,19,20,,,,-3065.0,,,,,,
481,4,4,4,3,4,4,4,4,3,4,0,0,0,0,0,1,0,3,2,0,11,22,11,23,8,13,13,11,9,20,,,,,,,,,,
482,4,4,4,3,4,4,4,4,3,4,0,0,0,0,0,1,0,3,2,2,11,12,11,23,8,13,13,11,9,8,-3055.0,,,,-14040.0,,,-6055.0,,
483,4,4,4,3,4,4,4,4,3,4,0,0,0,0,0,1,0,3,2,2,21,12,11,13,18,13,13,22,9,8,,,-4055.0,,,-5065.0,,,,
484,4,4,4,3,4,4,4,4,3,4,0,0,0,0,0,1,0,3,2,2,21,12,21,13,18,23,13,22,9,8,,,,,,,-3065.0,,,
485,4,4,4,3,4,4,4,4,3,4,0,0,0,0,0,1,0,2,2,2,11,12,21,13,18,23,23,13,9,8,,-3060.0,,,,,,,-34045.0,
486,4,4,4,3,4,4,4,4,3,4,0,0,0,0,0,1,0,2,2,2,11,22,11,13,8,13,23,13,19,8,,,,,,,,,,-6040.0
487,4,4,4,3,4,4,4,4,3,4,0,0,0,0,0,1,0,2,2,2,11,22,11,13,8,13,13,13,19,21,,,,,,,,,,
488,4,4,4,3,4,4,4,4,3,4,0,0,0,0,0,1,0,2,2,2,11,12,11,13,8,13,13,13,19,21,-4055.0,,,-13065.0,,,,,,
489,4,4,4,3,4,4,4,4,3,4,0,0,0,0,0,1,0,2,2,0,21,12,11,23,8,13,13,13,9,13,,,-3055.0,,-14040.0,,,-5065.0,,
490,4,4,4,3,4,4,4,4,3,4,0,0,0,0,0,1,0,2,2,0,21,12,21,23,18,13,13,22,9,13,,,,,,-5065.0,-3065.0,,,
491,4,4,4,3,4,4,4,4,3,4,0,0,0,0,0,1,0,2,2,0,11,12,21,13,18,23,23,22,9,13,,,,,,,,,,
492,4,4,4,3,4,4,4,4,3,4,0,0,0,0,0,1,0,3,2,0,11,12,11,13,18,23,23,11,9,13,,,,,,,,,,
493,4,4,4,3,4,4,4,4,3,4,0,0,0,0,0,1,0,3,2,0,11,12,11,13,8,13,13,11,9,13,,-4060.0,,,,,,,-24045.0,
494,4,4,4,3,4,4,4,4,3,4,0,0,0,0,0,1,0,3,2,0,11,22,11,13,8,13,13,11,19,13,,,-4055.0,,,,,,,
495,4,4,4,3,4,4,4,4,3,4,0,0,0,0,0,1,0,3,2,0,11,22,21,13,8,13,13,11,19,13,-4055.0,,,,,,,-16055.0,,-3065.0
496,4,4,4,3,4,4,4,4,3,4,0,0,0,0,0,1,0,3,2,0,21,12,21,13,8,13,13,22,19,20,,,,,,,,,,
497,4,4,4,3,4,4,4,4,3,4,0,0,0,0,0,1,0,3,2,0,21,12,11,13,8,13,13,22,9,20,,,,-2065.0,-24040.0,,-4065.0,,,
498,4,4,4,3,4,4,4,4,3,4,0,0,0,0,0,1,0,2,2,2,11,12,11,23,18,13,23,13,9,8,,,,,,-4065.0,,,,
499,4,4,4,3,4,4,4,4,3,4,0,0,0,0,0,1,0,2,2,2,11,12,11,23,18,23,23,13,9,8,,,,,,,,,,
500,4,4,4,3,4,4,4,4,3,4,0,0,0,0,0,1,0,2,2,2,11,12,11,13,18,23,13,13,9,8,,-3060.0,,,,,,,,
501,4,4,4,3,4,4,4,4,3,4,0,0,0,0,0,1,0,2,2,2,11,22,11,13,8,13,13,13,9,8,,,-4055.0,,,,,-5065.0,-25045.0,
502,4,4,4,3,4,4,4,4,3,4,0,0,0,0,0,1,0,2,2,2,11,22,21,13,8,13,13,22,19,8,,,,,,,-4065.0,,,-6040.0
503,4,4,4,3,4,4,4,4,3,4,0,0,0,0,0,1,0,2,2,2,11,12,21,13,8,13,23,22,19,21,-4055.0,,,,,,,,,
504,4,4,4,3,4,4,4,4,3,4,0,0,0,0,0,1,0,3,2,2,21,12,11,13,8,13,23,11,19,21,,,,-13065.0,-13040.0,-5065.0,,,,
505,4,4,4,3,4,4,4,4,3,4,0,0,0,0,0,1,0,3,2,0,21,12,11,23,18,23,13,11,9,13,,,,,,,,,,
506,4,4,4,3,4,4,4,4,3,4,0,0,0,0,0,1,0,3,2,0,11,12,11,23,18,23,13,11,9,13,,-4060.0,,,,,,,,
507,4,4,4,3,4,4,4,4,3,4,0,0,0,0,0,1,0,3,2,0,11,22,11,13,18,13,13,11,9,13,,,,,,,,,,
508,4,4,4,3,4,4,4,4,3,4,0,0,0,0,0,1,0,3,2,0,11,22,11,13,8,13,13,11,9,13,,,-3055.0,,,,,,,
509,4,4,4,3,4,4,4,4,3,4,0,0,0,0,0,1,0,3,2,0,11,12,21,13,8,13,13,11,9,13,,,,,,,-4065.0,-7055.0,-14045.0,-4065.0
510,4,4,4,3,4,4,4,4,3,4,0,0,0,0,0,1,0,3,2,0,11,12,21,13,8,13,23,22,19,20,-4055.0,,,-3065.0,,,,,,
511,4,4,4,3,4,4,4,4,3,4,0,0,0,0,0,1,0,3,2,0,21,12,11,23,8,13,23,22,19,20,,,,,-23040.0,-5065.0,,,,
512,4,4,4,3,4,4,4,4,3,4,0,0,0,0,0,1,0,2,2,2,21,12,11,23,18,23,13,13,19,8,,,,,,,,,,
513,4,4,4,3,4,4,4,4,3,4,0,0,0,0,0,1,0,2,2,2,11,12,11,13,18,23,13,13,9,8,,-3060.0,,,,,,,,
514,4,4,4,3,4,4,4,4,3,4,0,0,0,0,0,1,0,2,2,2,11,22,11,13,18,13,13,13,9,8,,,-3055.0,,,,,,,
515,4,4,4,3,4,4,4,4,3,4,0,0,0,0,0,1,0,2,2,2,11,22,21,13,8,13,13,13,9,8,,,,,,,,-5065.0,,
516,4,4,4,3,4,4,4,4,3,4,0,0,0,0,0,1,0,2,2,2,11,12,21,13,8,13,13,22,9,8,,,,-3065.0,,,,,,-5040.0
517,4,4,4,3,4,4,4,4,3,4,0,0,0,0,0,1,0,2,2,2,11,12,11,23,8,13,13,22,9,21,-4055.0,,,,,,-4065.0,,-35045.0,
518,4,4,4,3,4,4,4,4,3,4,0,0,0,0,0,1,0,3,2,2,21,12,11,23,8,13,23,11,19,21,,,,,-14040.0,-5065.0,,,,
519,4,4,4,3,4,4,4,4,3,4,0,0,0,0,0,1,0,3,2,2,21,12,11,13,18,23,23,11,19,21,,-4060.0,,,,,,,,
520,4,4,4,3,4,4,4,4,3,4,0,0,0,0,0,1,0,3,2,1,11,22,11,13,18,23,13,11,19,12,,,-3055.0,,,,,-7055.0,,
521,4,4,4,3,4,4,4,4,3,4,0,0,0,0,0,1,0,3,2,1,11,22,21,13,18,13,13,22,9,12,,,,,,,,,,
522,4,4,4,3,4,4,4,4,3,4,0,0,0,0,0,1,0,3,2,1,11,12,21,13,8,13,13,22,9,12,,,,,,,,,,-5060.0
523,4,4,4,3,4,4,4,4,3,4,0,0,0,0,0,1,0,2,2,1,11,12,11,13,8,13,13,13,9,20,-4055.0,,,-13065.0,,,,,,
524,4,4,4,3,4,4,4,4,3,4,0,0,0,0,0,1,0,2,2,1,21,12,11,23,8,13,13,13,9,20,,,,,,,,,,
525,4,4,4,3,4,4,4,4,3,4,0,0,0,0,0,1,0,2,2,2,21,12,11,23,8,13,13,13,9,9,,,-4055.0,,-13040.0,-4065.0,-4065.0,,-15045.0,
526,4,4,4,3,4,4,4,4,3,4,0,0,0,0,0,1,0,2,2,2,11,12,21,13,18,23,23,13,19,9,,-3060.0,,,,,,,,
527,4,4,4,3,4,4,4,4,3,4,0,0,0,0,0,1,0,2,2,2,11,22,21,13,18,23,23,13,19,9,,,,,,,,-5065.0,,
528,4,4,4,3,4,4,4,4,3,4,0,0,0,0,0,1,0,2,2,2,11,22,11,13,18,13,13,22,19,9,,,,,,,,,,
529,4,4,4,3,4,4,4,4,3,4,0,0,0,0,0,1,0,2,2,2,11,12,11,13,8,13,13,22,9,9,-4055.0,,,,,,,,,-6045.0
530,4,4,4,3,4,4,4,4,3,4,0,0,0,0,0,1,0,3,2,2,21,12,11,13,8,13,13,11,9,20,,,,-2065.0,,,,,,
531,4,4,4,3,4,4,4,4,3,4,0,0,0,0,0,1,0,3,2,2,21,12,11,23,8,13,13,11,9,20,,-4060.0,-4055.0,,,-4065.0,,,,
532,4,4,4,3,4,4,4,4,3,4,0,0,0,0,0,1,0,3,2,0,11,22,21,23,8,23,13,11,9,12,,,,,-13040.0,,-3065.0,,,
533,4,4,4,3,4,4,4,4,3,4,0,0,0,0,0,1,0,3,2,0,11,22,21,13,18,23,23,11,9,12,,,,,,,,,-5045.0,
534,4,4,4,3,4,4,4,4,3,4,0,0,0,0,0,1,0,3,2,0,11,12,11,13,18,13,23,11,19,12,,,,,,,,-16055.0,,
535,4,4,4,3,4,4,4,4,3,4,0,0,0,0,0,1,0,3,2,0,11,12,11,13,18,13,13,22,19,12,,,,,,,,,,-4060.0
536,4,4,4,3,4,4,4,4,3,4,0,0,0,0,0,1,0,3,2,0,11,12,11,13,8,13,13,22,19,20,-3055.0,,,,,,,,,
537,4,4,4,3,4,4,4,4,3,4,0,0,0,0,0,1,0,2,2,0,21,12,11,13,8,13,13,13,9,20,,,-4055.0,-22065.0,,,,,,
538,4,4,4,3,4,4,4,4,3,4,0,0,0,0,0,1,0,2,2,2,21,12,21,23,8,13,13,13,9,8,,-4060.0,,,,-15065.0,,,,
539,4,4,4,3,4,4,4,4,3,4,0,0,0,0,0,1,0,2,2,2,11,22,21,23,8,23,13,13,9,8,,,,,-14040.0,,-3065.0,,,
540,4,4,4,3,4,4,4,4,3,4,0,0,0,0,0,1,0,2,2,2,11,22,11,13,18,23,23,13,9,8,,,,,,,,,,
541,4,4,4,3,4,4,4,4,3,4,0,0,0,0,0,1,0,2,2,2,11,12,11,13,18,13,23,13,9,8,,,,,,,,,-4045.0,-6040.0
542,4,4,4,3,4,4,4,4,3,4,0,0,0,0,0,1,0,2,2,2,11,12,11,13,18,13,13,13,19,21,-4055.0,,,,,,,-6065.0,,
543,4,4,4,3,4,4,4,4,3,4,0,0,0,0,0,1,0,2,2,2,21,12,11,13,8,13,13,22,19,21,,,,-23065.0,,,,,,
544,4,4,4,3,4,4,4,4,3,4,0,0,0,0,0,1,0,2,2,0,21,12,11,23,8,13,13,22,19,13,,,-4055.0,,,,-4065.0,,,
545,4,4,4,3,4,4,4,4,3,4,0,0,0,0,0,1,0,3,2,0,11,12,21,23,8,13,23,11,9,13,,-4060.0,,,,,,,,
546,4,4,4,3,4,4,4,4,3,4,0,0,0,0,0,1,0,3,2,0,11,22,21,13,8,13,23,11,9,13,,,,,,,,,,
547,4,4,4,3,4,4,4,4,3,4,0,0,0,0,0,1,0,3,2,0,11,22,11,13,8,13,13,11,9,13,,,,,-13040.0,-5065.0,,,,
548,4,4,4,3,4,4,4,4,3,4,0,0,0,0,0,1,0,3,2,0,11,12,11,13,18,23,13,11,9,13,,,,,,,,-7055.0,-35045.0,-3065.0
549,4,4,4,3,4,4,4,4,3,4,0,0,0,0,0,1,0,3,2,0,11,12,11,13,18,23,13,22,19,20,-4055.0,,,,,,,,,
550,4,4,4,3,4,4,4,4,3,4,0,0,0,0,0,1,0,3,2,0,21,12,11,13,18,13,13,22,19,20,,,,,,,-4065.0,,,
551,4,4,4,3,4,4,4,4,3,4,0,0,0,0,0,1,0,2,2,2,21,12,11,13,8,13,23,13,19,8,,,,,,,,,,
552,4,4,4,3,4,4,4,4,3,4,0,0,0,0,0,1,0,2,2,2,11,12,11,13,8,13,23,13,9,8,,-4060.0,,-2065.0,,,,,,
553,4,4,4,3,4,4,4,4,3,4,0,0,0,0,0,1,0,2,2,2,11,22,11,23,8,13,13,13,9,8,,,-3055.0,,,-5065.0,,,,
554,4,4,4,3,4,4,4,4,3,4,0,0,0,0,0,1,0,2,2,2,11,22,21,23,8,23,13,13,9,8,,,,,-14040.0,,,,,-6040.0
555,4,4,4,3,4,4,4,4,3,4,0,0,0,0,0,1,0,2,2,2,11,12,21,13,18,23,13,13,9,21,,,,,,,,-6065.0,-5045.0,
556,4,4,4,3,4,4,4,4,3,4,0,0,0,0,0,1,0,2,2,2,11,12,11,13,18,13,13,22,19,21,-4055.0,,,,,,-4065.0,,,
557,4,4,4,3,4,4,4,4,3,4,0,0,0,0,0,1,0,2,2,0,21,12,11,13,18,13,23,22,19,13,,,,,,,,,,
558,4,4,4,3,4,4,4,4,3,4,0,0,0,0,0,1,0,3,2,0,21,12,11,13,8,13,23,11,19,13,,-4060.0,,,,,,,,
559,4,4,4,3,4,4,4,4,3,4,0,0,0,0,0,1,0,3,2,0,11,22,11,13,8,13,13,11,9,13,,,,-23065.0,,,,,,
560,4,4,4,3,4,4,4,4,3,4,0,0,0,0,0,1,0,3,2,0,11,22,11,23,8,13,13,11,9,13,,,-4055.0,,,,,,,
561,4,4,4,3,4,4,4,4,3,4,0,0,0,0,0,1,0,3,2,0,11,12,21,23,8,13,13,11,9,13,,,,,-14040.0,-5065.0,,-7055.0,,-3065.0
562,4,4,4,3,4,4,4,4,3,4,0,0,0,0,0,1,0,3,2,0,11,12,21,13,18,23,13,22,9,20,,,,,,,-4065.0,,-24045.0,
563,4,4,4,3,4,4,4,4,3,4,0,0,0,0,0,1,0,3,2,0,11,12,11,13,18,23,23,22,19,20,,,,,,,,,,
564,4,4,4,3,4,4,4,4,3,4,0,0,0,0,0,1,0,2,2,2,11,12,11,13,18,13,23,13,19,8,-4055.0,-4060.0,,,,,,,,
565,4,4,4,3,4,4,4,4,3,4,0,0,0,0,0,1,0,2,2,2,21,22,11,13,8,13,13,13,19,8,,,,-3065.0,,,,,,
566,4,4,4,3,4,4,4,4,3,4,0,0,0,0,0,1,0,2,2,2,21,22,11,23,8,13,13,13,9,8,,,,,,,,,,
567,4,4,4,3,4,4,4,4,3,4,0,0,0,0,0,1,0,2,2,2,11,12,11,23,8,13,13,13,9,8,,,-4055.0,,,,,,,-6040.0
568,4,4,4,3,4,4,4,4,3,4,0,0,0,0,0,1,0,2,2,2,11,12,21,13,8,13,13,13,9,21,,,,,-14040.0,,,-5065.0,,
569,4,4,4,3,4,4,4,4,3,4,0,0,0,0,0,1,0,2,2,2,11,12,21,13,18,13,13,22,9,21,,,,,,-5065.0,-3065.0,,,
570,4,4,4,3,4,4,4,4,3,4,0,0,0,0,0,1,0,2,2,0,11,12,11,13,18,23,23,22,9,13,-4055.0,,,,,,,,-25045.0,
571,4,4,4,3,4,4,4,4,3,4,0,0,0,0,0,1,0,3,2,0,21,12,11,13,18,23,23,11,19,13,,-4060.0,,,,,,,,
572,4,4,4,3,4,4,4,4,3,4,0,0,0,0,0,1,0,3,2,0,21,22,11,13,8,13,13,11,19,13,,,,-13065.0,,,,,,
573,4,4,4,3,4,4,4,4,3,4,0,0,0,0,0,1,0,3,2,0,11,22,11,23,8,13,13,11,19,13,,,-4055.0,,,,,,,
574,4,4,4,3,4,4,4,4,3,4,0,0,0,0,0,1,0,3,2,0,11,12,21,23,8,13,13,11,9,13,,,,,,,,,,
575,4,4,4,3,4,4,4,4,3,4,0,0,0,0,0,1,0,3,2,0,11,12,21,13,8,13,13,11,9,13,,,,,-4040.0,-5065.0,-14065.0,-7055.0,,-4065.0
576,4,4,4,3,4,4,4,4,3,4,0,0,0,0,0,1,0,3,2,0,11,12,11,13,18,23,23,22,9,20,,,,,,,,,,
577,4,4,4,3,4,4,4,4,3,4,0,0,0,0,0,1,0,3,2,0,11,12,11,13,18,23,23,22,9,20,,,,,,,,,,
578,4,4,4,3,4,4,4,4,3,4,0,0,0,0,0,1,0,2,2,2,11,12,11,13,18,13,13,13,9,8,-4055.0,,,-3065.0,,,,,-25045.0,
579,4,4,4,3,4,4,4,4,3,4,0,0,0,0,0,1,0,2,2,2,21,12,11,23,8,13,13,13,19,8,,-4060.0,,,,,,,,
580,4,4,4,3,4,4,4,4,3,4,0,0,0,0,0,1,0,2,2,2,21,22,11,23,8,13,13,13,19,8,,,,,,-5065.0,,,,
581,4,4,4,3,4,4,4,4,3,4,0,0,0,0,0,1,0,2,2,2,11,22,11,13,8,23,13,13,19,8,,,-3055.0,,-4040.0,,-4065.0,,,
582,4,4,4,3,4,4,4,4,3,4,0,0,0,0,0,1,0,2,2,2,11,12,21,13,18,23,23,13,9,8,,,,,,,,-6065.0,,-6040.0
583,4,4,4,3,4,4,4,4,3,4,0,0,0,0,0,1,0,2,2,2,11,12,21,13,18,13,23,22,9,21,,,,,,,,,,
584,4,4,4,3,4,4,4,4,3,4,0,0,0,0,0,1,0,2,2,2,11,12,11,13,18,13,13,22,9,21,,,,-3065.0,,,,,,
585,4,4,4,3,4,4,4,4,3,4,0,0,0,0,0,1,0,3,2,0,11,12,11,23,8,13,13,11,9,13,-3055.0,,,,,,,,-34045.0,
586,4,4,4,3,4,4,4,4,3,4,0,0,0,0,0,1,0,3,2,0,21,12,11,23,8,13,13,11,19,13,,-3060.0,,,,,,,,
587,4,4,4,3,4,4,4,4,3,4,0,0,0,0,0,1,0,3,2,0,21,22,11,13,8,13,13,11,19,13,,,-4055.0,,,-5065.0,,,,
588,4,4,4,3,4,4,4,4,3,4,0,0,0,0,0,1,0,3,2,0,11,22,21,13,8,23,13,11,19,13,,,,,,,,,,
589,4,4,4,3,4,4,4,4,3,4,0,0,0,0,0,1,0,3,2,0,11,12,21,13,8,23,13,11,9,13,,,,,-14040.0,,-3065.0,-7055.0,,-3065.0
590,4,4,4,3,4,4,4,4,3,4,0,0,0,0,0,1,0,3,2,0,11,12,11,13,18,13,23,22,9,20,,,,-13065.0,,,,,,
591,4,4,4,3,4,4,4,4,3,4,0,0,0,0,0,1,0,3,2,0,11,12,11,23,18,13,23,22,9,20,-4055.0,,,,,,,,,
592,4,4,4,3,4,4,4,4,3,4,0,0,0,0,0,1,0,2,2,2,21,12,11,23,18,13,13,13,9,8,,-3060.0,,,,,,,,
593,4,4,4,3,4,4,4,4,3,4,0,0,0,0,0,1,0,2,2,2,21,22,11,13,8,13,13,13,9,8,,,,,,,,,-14045.0,
594,4,4,4,3,4,4,4,4,3,4,0,0,0,0,0,1,0,2,2,2,11,22,11,13,8,13,13,13,19,8,,,,,,,,,,
595,4,4,4,3,4,4,4,4,3,4,0,0,0,0,0,1,0,2,2,2,11,12,11,13,8,13,13,13,19,8,,,,,-4040.0,,-4065.0,,,
596,4,4,4,3,4,4,4,4,3,4,0,0,0,0,0,1,0,2,2,2,11,12,11,13,18,13,23,13,19,8,,,-4055.0,,,-4065.0,,-6065.0,,
597,4,4,4,3,4,4,4,4,3,4,0,0,0,0,0,1,0,2,2,2,11,12,21,13,18,23,23,22,9,8,,,,,,,,,,-5040.0
598,4,4,4,3,4,4,4,4,3,4,0,0,0,0,0,1,0,2,2,2,11,12,21,13,18,23,13,22,9,21,-3055.0,,,-3065.0,,,,,,
599,4,4,4,3,4,4,4,4,3,4,0,0,0,0,0,1,0,3,2,2,21,12,11,23,8,13,13,11,9,21,,-4060.0,,,,,,,,
600,4,4,4,3,4,4,4,4,3,4,0,0,0,0,0,1,0,3,2,2,21,22,11,23,8,13,13,11,9,21,,,,,,,,,,
601,4,4,4,3,4,4,4,4,3,4,0,0,0,0,0,1,0,3,2,1,11,22,11,13,8,13,13,11,9,12,,,,,,,-4065.0,-7055.0,,
602,4,4,4,3,4,4,4,4,3,4,0,0,0,0,0,1,0,3,2,1,11,12,11,13,8,13,23,22,9,12,,,,,-14040.0,-5065.0,,,-34045.0,
603,4,4,4,3,4,4,4,4,3,4,0,0,0,0,0,1,0,3,2,1,11,12,11,13,18,23,23,22,19,12,,,-3055.0,,,,,,,
604,4,4,4,3,4,4,4,4,3,4,0,0,0,0,0,1,0,2,2,1,11,12,21,13,18,23,13,13,19,12,,,,,,,,,,-14060.0
605,4,4,4,3,4,4,4,4,3,4,0,0,0,0,0,1,0,2,2,1,11,12,21,13,18,13,13,13,19,20,-4055.0,,,-2065.0,,,,,,
606,4,4,4,3,4,4,4,4,3,4,0,0,0,0,0,1,0,2,2,1,21,12,11,23,8,13,13,13,9,20,,,,,,,,,,
607,4,4,4,3,4,4,4,4,3,4,0,0,0,0,0,1,0,2,2,2,21,12,11,23,8,13,13,13,9,9,,-4060.0,,,,,,,,
608,4,4,4,3,4,4,4,4,3,4,0,0,0,0,0,1,0,2,2,2,11,22,11,13,8,13,13,13,9,9,,,-4055.0,,,,,-5065.0,,
609,4,4,4,3,4,4,4,4,3,4,0,0,0,0,0,1,0,2,2,2,11,22,21,13,8,13,13,22,9,9,,,,,-14040.0,-4065.0,-4065.0,,,
610,4,4,4,3,4,4,4,4,3,4,0,0,0,0,0,1,0,2,2,2,11,12,21,13,18,23,23,22,9,9,,,,,,,,,-15045.0,
611,4,4,4,3,4,4,4,4,3,4,0,0,0,0,0,1,0,3,2,2,11,12,11,13,18,23,23,11,19,9,,,,,,,,,,
612,4,4,4,3,4,4,4,4,3,4,0,0,0,0,0,1,0,3,2,2,11,12,11,13,18,13,13,11,19,9,-4055.0,,,,,,,,,-6045.0
613,4,4,4,3,4,4,4,4,3,4,0,0,0,0,0,1,0,3,2,2,21,12,11,13,8,13,13,11,19,20,,,,-2065.0,,,,,,
614,4,4,4,3,4,4,4,4,3,4,0,0,0,0,0,1,0,3,2,2,21,12,11,23,8,13,13,11,9,20,,-3060.0,,,,,,,,
615,4,4,4,3,4,4,4,4,3,4,0,0,0,0,0,1,0,3,2,0,11,22,11,23,8,13,13,11,9,12,,,-4055.0,,,-5065.0,,-16055.0,,
616,4,4,4,3,4,4,4,4,3,4,0,0,0,0,0,1,0,3,2,0,11,22,21,13,8,23,13,22,9,12,,,,,-4040.0,,,,,
617,4,4,4,3,4,4,4,4,3,4,0,0,0,0,0,1,0,3,2,0,11,12,21,13,18,23,13,22,9,12,,,,,,,-4065.0,,-5045.0,
618,4,4,4,3,4,4,4,4,3,4,0,0,0,0,0,1,0,2,2,0,11,12,11,13,18,13,23,13,19,12,,,,,,,,,,-4060.0
619,4,4,4,3,4,4,4,4,3,4,0,0,0,0,0,1,0,2,2,0,11,12,11,13,18,13,23,13,19,20,-4055.0,,,,,,,,,
620,4,4,4,3,4,4,4,4,3,4,0,0,0,0,0,1,0,2,2,0,21,12,11,13,8,13,13,13,19,20,,-4060.0,,,,,,,,
621,4,4,4,3,4,4,4,4,3,4,0,0,0,0,0,1,0,2,2,2,21,22,11,13,8,13,13,13,9,8,,,,-3065.0,,,,,,
622,4,4,4,3,4,4,4,4,3,4,0,0,0,0,0,1,0,2,2,2,11,22,11,23,8,13,13,13,9,8,,,-3055.0,,,-5065.0,,-16065.0,,
623,4,4,4,3,4,4,4,4,3,4,0,0,0,0,0,1,0,2,2,2,11,12,21,23,8,23,13,22,9,8,,,,,-13040.0,,,,,
624,4,4,4,3,4,4,4,4,3,4,0,0,0,0,0,1,0,2,2,2,11,12,21,13,18,23,13,22,9,8,,,,,,,,,,-6040.0
625,4,4,4,3,4,4,4,4,3,4,0,0,0,0,0,1,0,3,2,2,11,12,11,13,18,13,13,11,9,21,-4055.0,,,,,,-4065.0,,-34045.0,
626,4,4,4,3,4,4,4,4,3,4,0,0,0,0,0,1,0,3,2,2,21,12,11,13,18,13,23,11,19,21,,,,,,,,,,
627,4,4,4,3,4,4,4,4,3,4,0,0,0,0,0,1,0,3,2,0,21,12,11,13,8,13,23,11,19,13,,,,,,,,,,
628,4,4,4,3,4,4,4,4,3,4,0,0,0,0,0,1,0,3,2,0,11,12,11,13,8,13,13,11,19,13,,-4060.0,-14055.0,,,,,,,
629,4,4,4,3,4,4,4,4,3,4,0,0,0,0,0,1,0,3,2,0,11,22,21,13,8,13,13,11,9,13,,,,-12065.0,,-5065.0,,-7055.0,,
630,4,4,4,3,4,4,4,4,3,4,0,0,0,0,0,1,0,3,2,0,11,22,21,23,8,23,13,22,9,13,,,,,-33040.0,,,,,
631,4,4,4,3,4,4,4,4,3,4,0,0,0,0,0,1,0,3,2,0,11,12,11,23,18,23,13,22,9,13,,,,,,,,,,-4065.0
632,4,4,4,3,4,4,4,4,3,4,0,0,0,0,0,1,0,2,2,0,11,12,11,13,18,13,13,13,9,20,,,,,,,-4065.0,,,
633,4,4,4,3,4,4,4,4,3,4,0,0,0,0,0,1,0,2,2,0,11,12,11,13,18,13,23,13,9,20,-4055.0,,,,,,,,-24045.0,
634,4,4,4,3,4,4,4,4,3,4,0,0,0,0,0,1,0,2,2,2,21,12,11,13,8,13,23,13,19,8,,,-4055.0,,,,,,,
635,4,4,4,3,4,4,4,4,3,4,0,0,0,0,0,1,0,2,2,2,21,12,21,13,8,13,13,13,19,8,,-4060.0,,,,,,-5065.0,,
636,4,4,4,3,4,4,4,4,3,4,0,0,0,0,0,1,0,2,2,2,11,22,21,13,8,13,13,22,19,8,,,,,,-5065.0,,,,
637,4,4,4,3,4,4,4,4,3,4,0,0,0,0,0,1,0,2,2,2,11,22,11,13,8,23,13,22,9,8,,,,,-14040.0,,,,,
638,4,4,4,3,4,4,4,4,3,4,0,0,0,0,0,1,0,3,2,2,11,12,11,13,18,23,13,11,9,8,,,,-23065.0,,,-4065.0,,,
639,4,4,4,3,4,4,4,4,3,4,0,0,0,0,0,1,0,3,2,2,11,12,11,23,18,13,23,11,9,8,,,-4055.0,,,,,,,
640,4,4,4,3,4,4,4,4,3,4,0,0,0,0,0,1,0,3,2,2,11,12,21,23,18,13,23,11,9,8,-4055.0,,,,,,,,,-6040.0
641,4,4,4,3,4,4,4,4,3,4,0,0,0,0,0,1,0,3,2,2,21,12,21,13,8,13,13,11,9,21,,-4060.0,,,,,,-7055.0,-14045.0,
642,4,4,4,3,4,4,4,4,3,4,0,0,0,0,0,1,0,3,2,2,21,22,11,13,8,13,13,22,19,21,,,,,,-5065.0,,,,
643,4,4,4,3,4,4,4,4,3,4,0,0,0,0,0,1,0,3,2,0,11,22,11,13,8,23,13,22,19,13,,,,,,,,,,
644,4,4,4,3,4,4,4,4,3,4,0,0,0,0,0,1,0,2,2,0,11,12,11,13,8,23,13,13,19,13,,,,,-4040.0,,,,,
645,4,4,4,3,4,4,4,4,3,4,0,0,0,0,0,1,0,2,2,0,11,12,11,13,18,13,13,13,9,13,,,-4055.0,-13065.0,,,,,,
646,4,4,4,3,4,4,4,4,3,4,0,0,0,0,0,1,0,2,2,0,11,12,21,23,18,13,13,13,9,13,,,,,,,,,,
647,4,4,4,3,4,4,4,4,3,4,0,0,0,0,0,1,0,2,2,0,11,12,21,23,18,13,13,13,9,13,,-3060.0,,,,,-4065.0,,,
648,4,4,4,3,4,4,4,4,3,4,0,0,0,0,0,1,0,2,2,0,11,22,11,13,8,13,23,13,9,13,-4055.0,,,,,-4065.0,,-5065.0,,-3065.0
649,4,4,4,3,4,4,4,4,3,4,0,0,0,0,0,1,0,2,2,0,21,22,11,13,8,23,23,22,9,20,,,,,,,,,,
650,4,4,4,3,4,4,4,4,3,4,0,0,0,0,0,1,0,2,2,0,21,12,11,13,8,23,13,22,9,20,,,,,,,,,-15045.0,
651,4,4,4,3,4,4,4,4,3,4,0,0,0,0,0,1,0,3,2,2,11,12,11,13,8,13,13,11,19,8,,,,,,,,,,
652,4,4,4,3,4,4,4,4,3,4,0,0,0,0,0,1,0,3,2,2,11,12,11,13,8,13,13,11,19,8,,,-3055.0,,-13040.0,,,,,
653,4,4,4,3,4,4,4,4,3,4,0,0,0,0,0,1,0,3,2,2,11,12,21,13,18,13,13,11,19,8,,-3060.0,,,,,-4065.0,,,
654,4,4,4,3,4,4,4,4,3,4,0,0,0,0,0,1,0,3,2,2,11,22,21,13,18,13,23,11,9,8,-3055.0,,,-2065.0,,-5065.0,,,,-6040.0
655,4,4,4,3,4,4,4,4,3,4,0,0,0,0,0,1,0,3,2,2,21,22,11,23,18,23,23,11,9,21,,,,,,,,,,
656,4,4,4,3,4,4,4,4,3,4,0,0,0,0,0,1,0,3,2,2,21,12,11,23,8,23,13,11,9,21,,,,,,,,-7055.0,,
657,4,4,4,3,4,4,4,4,3,4,0,0,0,0,0,1,0,3,2,0,11,12,11,13,8,13,13,22,9,13,,,,,,,,,,
658,4,4,4,3,4,4,4,4,3,4,0,0,0,0,0,1,0,3,2,0,11,12,11,13,8,13,13,22,9,13,,,-4055.0,,,,,,-24045.0,
659,4,4,4,3,4,4,4,4,3,4,0,0,0,0,0,1,0,2,2,0,11,12,21,13,8,13,13,13,19,13,,-14060.0,,,-24040.0,,-4065.0,,,
660,4,4,4,3,4,4,4,4,3,4,0,0,0,0,0,1,0,2,2,0,11,22,21,13,18,13,23,13,19,13,-3055.0,,,,,,,,,-4065.0
661,4,4,4,3,4,4,4,4,3,4,0,0,0,0,0,1,0,2,2,0,21,22,11,13,18,13,23,13,19,20,,,,-13065.0,,,,,,
662,4,4,4,3,4,4,4,4,3,4,0,0,0,0,0,1,0,2,2,0,21,12,11,23,18,13,13,13,9,20,,,,,,-5065.0,,-6065.0,,
663,4,4,4,3,4,4,4,4,3,4,0,0,0,0,0,1,0,2,2,2,11,12,11,23,8,23,13,22,9,8,,,,,,,,,,
664,4,4,4,3,4,4,4,4,3,4,0,0,0,0,0,1,0,2,2,2,11,12,11,13,8,23,13,22,9,8,,,,,,,,,,
665,4,4,4,3,4,4,4,4,3,4,0,0,0,0,0,1,0,3,2,2,11,12,11,13,8,13,13,11,9,8,-4055.0,,-4055.0,,,,,,,
666,4,4,4,3,4,4,4,4,3,4,0,0,0,0,0,1,0,3,2,2,21,12,21,13,8,13,13,11,9,8,,-4060.0,,,,,-4065.0,,-35045.0,
667,4,4,4,3,4,4,4,4,3,4,0,0,0,0,0,1,0,3,2,2,21,22,21,13,8,13,23,11,19,8,,,,,-4040.0,,,,,-6040.0
668,4,4,4,3,4,4,4,4,3,4,0,0,0,0,0,1,0,3,2,2,11,22,11,13,18,13,23,11,19,21,,,,-3065.0,,,,,,
669,4,4,4,3,4,4,4,4,3,4,0,0,0,0,0,1,0,3,2,2,11,12,11,23,18,13,13,11,19,21,,,,,,-4065.0,,,,
670,4,4,4,3,4,4,4,4,3,4,0,0,0,0,0,1,0,3,2,0,11,12,11,23,18,23,13,11,9,13,,,,,,,,-7055.0,,
671,4,4,4,3,4,4,4,4,3,4,0,0,0,0,0,1,0,3,2,0,11,12,11,13,8,23,13,22,9,13,-4055.0,,-4055.0,,,,,,,
672,4,4,4,3,4,4,4,4,3,4,0,0,0,0,0,1,0,3,2,0,21,12,21,13,8,13,13,22,9,13,,,,,,,,,,
673,4,4,4,3,4,4,4,4,3,4,0,0,0,0,0,1,0,2,2,0,21,12,21,13,8,13,13,13,9,13,,-4060.0,,,,,,,-25045.0,
674,4,4,4,3,4,4,4,4,3,4,0,0,0,0,0,1,0,2,2,0,11,22,11,13,8,13,13,13,19,13,,,,,,,,,,-3065.0
675,4,4,4,3,4,4,4,4,3,4,0,0,0,0,0,1,0,2,2,0,11,22,11,13,8,13,13,13,19,20,,,,-3065.0,-3040.0,-4065.0,-3065.0,,,
676,4,4,4,3,4,4,4,4,3,4,0,0,0,0,0,1,0,2,2,0,11,12,11,23,18,23,23,13,19,20,,,,,,,,,,
677,4,4,4,3,4,4,4,4,3,4,0,0,0,0,0,1,0,2,2,2,11,12,11,23,18,23,23,13,9,8,,,,,,,,-6065.0,,
678,4,4,4,3,4,4,4,4,3,4,0,0,0,0,0,1,0,2,2,2,11,12,11,13,18,13,13,22,9,8,-4055.0,,,,,,,,,
679,4,4,4,3,4,4,4,4,3,4,0,0,0,0,0,1,0,2,2,2,21,12,11,13,8,13,13,22,9,8,,,-4055.0,,,,,,,
680,4,4,4,3,4,4,4,4,3,4,0,0,0,0,0,1,0,3,2,2,21,12,21,13,8,13,13,11,9,8,,-3060.0,,,,,,,-25045.0,-6040.0
681,4,4,4,3,4,4,4,4,3,4,0,0,0,0,0,1,0,3,2,2,11,22,21,13,8,13,13,11,19,21,,,,,-14040.0,-5065.0,-3065.0,,,
682,4,4,4,3,4,4,4,4,3,4,0,0,0,0,0,1,0,3,2,2,11,22,11,13,18,23,23,11,19,21,,,,,,,,,,
683,4,4,4,3,4,4,4,4,3,4,0,0,0,0,0,1,0,3,2,0,11,12,11,13,18,23,23,11,19,13,,,,-3065.0,,,,-7055.0,,
684,4,4,4,3,4,4,4,4,3,4,0,0,0,0,0,1,0,3,2,0,11,12,11,23,18,13,13,22,9,13,,,,,,,,,,
685,4,4,4,3,4,4,4,4,3,4,0,0,0,0,0,1,0,3,2,0,11,12,11,23,8,13,13,22,9,13,,,-4055.0,,,,,,,
686,4,4,4,3,4,4,4,4,3,4,0,0,0,0,0,1,0,2,2,0,11,12,21,13,8,13,13,13,9,13,-4055.0,,,,,,,,,
687,4,4,4,3,4,4,4,4,3,4,0,0,0,0,0,1,0,2,2,0,21,12,21,13,8,13,13,13,9,13,,-3060.0,,,,-5065.0,-4065.0,,,-4065.0
688,4,4,4,3,4,4,4,4,3,4,0,0,0,0,0,1,0,2,2,0,21,22,11,13,8,23,23,13,9,20,,,,,,,,,-5045.0,
689,4,4,4,3,4,4,4,4,3,4,0,0,0,0,0,1,0,2,2,0,11,22,11,13,8,23,23,13,19,20,,,,,-4040.0,,,,,
690,4,4,4,3,4,4,4,4,3,4,0,0,0,0,0,1,0,2,2,2,11,12,11,13,18,13,13,13,19,8,,,,-3065.0,,,,-5065.0,,
691,4,4,4,3,4,4,4,4,3,4,0,0,0,0,0,1,0,2,2,2,11,12,11,23,18,13,13,22,19,8,,,-4055.0,,,,,,,
692,4,4,4,3,4,4,4,4,3,4,0,0,0,0,0,1,0,2,2,2,11,12,21,23,18,13,13,22,9,8,,,,,,,,,,
693,4,4,4,3,4,4,4,4,3,4,0,0,0,0,0,1,0,3,2,2,11,12,21,13,8,13,13,11,9,8,,,,,,,,,,
694,4,4,4,3,4,4,4,4,3,4,0,0,0,0,0,1,0,3,2,2,11,12,11,13,8,13,13,11,9,8,-3055.0,,,,,-4065.0,-4065.0,,,
695,4,4,4,3,4,4,4,4,3,4,0,0,0,0,0,1,0,3,2,2,21,12,11,13,8,23,23,11,9,8,,-4060.0,,,-14040.0,,,,,-6040.0
696,4,4,4,3,4,4,4,4,3,4,0,0,0,0,0,1,0,3,2,2,21,22,11,13,18,23,23,11,9,21,,,,-3065.0,,,,,,
697,4,4,4,3,4,4,4,4,3,4,0,0,0,0,0,1,0,3,2,2,11,22,11,23,18,13,13,11,9,21,,,-4055.0,,,,,-16055.0,-25045.0,
698,4,4,4,3,4,4,4,4,3,4,0,0,0,0,0,1,0,3,2,0,11,12,21,23,18,13,13,22,19,13,,,,,,,,,,
699,4,4,4,3,4,4,4,4,3,4,0,0,0,0,0,1,0,3,2,0,11,12,21,13,8,13,13,22,19,13,,,,,,,,,,
700,4,4,4,3,4,4,4,4,3,4,0,0,0,0,0,1,0,2,2,0,11,12,11,13,8,13,13,13,19,13,-3055.0,,,,,-4065.0,,,,
701,4,4,4,3,4,4,4,4,3,4,0,0,0,0,0,1,0,2,2,0,21,12,11,13,8,23,13,13,9,13,,,,,,,,,,-3065.0
702,4,4,4,3,4,4,4,4,3,4,0,0,0,0,0,1,0,2,2,0,21,12,11,13,8,23,13,13,9,20,,-3060.0,,,-23040.0,,-4065.0,-6065.0,,
703,4,4,4,3,4,4,4,4,3,4,0,0,0,0,0,1,0,2,2,0,11,22,11,13,18,13,23,22,9,20,,,,,,,,,,
704,4,4,4,3,4,4,4,4,3,4,0,0,0,0,0,1,0,2,2,2,11,22,11,13,18,13,23,22,9,8,,,-4055.0,-2065.0,,,,,,
705,4,4,4,3,4,4,4,4,3,4,0,0,0,0,0,1,0,3,2,2,11,12,21,23,18,13,13,11,9,8,,,,,,,,,-4045.0,
706,4,4,4,3,4,4,4,4,3,4,0,0,0,0,0,1,0,3,2,2,11,12,21,23,8,13,13,11,19,8,,,,,,,,,,
707,4,4,4,3,4,4,4,4,3,4,0,0,0,0,0,1,0,3,2,2,11,12,11,13,8,13,13,11,19,8,-4055.0,,,,,-5065.0,,,,-6040.0
708,4,4,4,3,4,4,4,4,3,4,0,0,0,0,0,1,0,3,2,2,21,12,11,13,8,23,13,11,19,21,,-4060.0,,,,,,-7055.0,,
709,4,4,4,3,4,4,4,4,3,4,0,0,0,0,0,1,0,3,2,2,21,22,11,13,8,23,13,22,9,21,,,,,,,-4065.0,,,
710,4,4,4,3,4,4,4,4,3,4,0,0,0,0,0,1,0,3,2,0,11,22,11,13,8,13,23,22,9,13,,,-4055.0,,,,,,,
711,4,4,4,3,4,4,4,4,3,4,0,0,0,0,0,1,0,2,2,0,11,12,21,13,8,13,23,13,9,13,,,,-12065.0,-14040.0,,,,,
712,4,4,4,3,4,4,4,4,3,4,0,0,0,0,0,1,0,2,2,0,11,12,21,23,18,13,13,13,9,13,,,,,,,,,-35045.0,
713,4,4,4,3,4,4,4,4,3,4,0,0,0,0,0,1,0,2,2,0,11,12,11,23,18,13,13,13,19,13,-4055.0,,,,,-5065.0,,,,
714,4,4,4,3,4,4,4,4,3,4,0,0,0,0,0,1,0,2,2,0,21,12,11,13,18,23,13,13,19,13,,,,,,,,,,-4065.0
715,4,4,4,3,4,4,4,4,3,4,0,0,0,0,0,1,0,2,2,0,21,12,11,13,8,23,13,13,19,20,,-4060.0,,,,,,-6065.0,,
716,4,4,4,3,4,4,4,4,3,4,0,0,0,0,0,1,0,2,2,0,11,22,11,13,8,13,13,22,9,20,,,,,,,-4065.0,,,
717,4,4,4,3,4,4,4,4,3,4,0,0,0,0,0,1,0,2,2,2,11,22,11,13,8,13,23,22,9,8,,,,-13065.0,,,,,,
718,4,4,4,3,4,4,4,4,3,4,0,0,0,0,0,1,0,3,2,2,11,12,11,23,8,13,23,11,9,8,,,-3055.0,,-14040.0,,,,,
719,4,4,4,3,4,4,4,4,3,4,0,0,0,0,0,1,0,3,2,2,11,12,21,23,18,13,13,11,9,8,,,,,,-5065.0,,,,
720,4,4,4,3,4,4,4,4,3,4,0,0,0,0,0,1,0,3,2,2,11,12,21,13,18,23,13,11,9,8,-4055.0,,,,,,,,-15045.0,
721,4,4,4,3,4,4,4,4,3,4,0,0,0,0,0,1,0,3,2,2,21,12,11,13,18,23,13,11,19,8,,-4060.0,,,,,,,,-5040.0
722,4,4,4,3,4,4,4,4,3,4,0,0,0,0,0,1,0,3,2,2,21,22,11,13,8,13,13,11,19,21,,,,,,,,-6055.0,,
723,4,4,4,3,4,4,4,4,3,4,0,0,0,0,0,1,0,3,2,2,11,22,11,13,8,13,13,22,19,21,,,,,,,-4065.0,,,
724,4,4,4,3,4,4,4,4,3,4,0,0,0,0,0,1,0,3,2,2,11,12,11,13,8,13,23,22,9,21,,,-4055.0,-3065.0,,,,,,
725,4,4,4,3,4,4,4,4,3,4,0,0,0,0,0,1,0,2,2,1,11,12,21,23,8,13,23,13,9,12,,,,,,-5065.0,,,,
726,4,4,4,3,4,4,4,4,3,4,0,0,0,0,0,1,0,2,2,1,11,12,21,23,8,23,13,13,9,12,,,,,-4040.0,,,,,
727,4,4,4,3,4,4,4,4,3,4,0,0,0,0,0,1,0,2,2,1,11,12,11,13,18,23,13,13,9,12,-4055.0,,,,,,,,,
728,4,4,4,3,4,4,4,4,3,4,0,0,0,0,0,1,0,2,2,1,21,12,11,13,18,13,13,13,9,12,,,,,,,,-6065.0,-15045.0,-14060.0
729,4,4,4,3,4,4,4,4,3,4,0,0,0,0,0,1,0,2,2,1,21,12,11,13,18,13,13,22,19,20,,-3060.0,,,,,-4065.0,,,
730,4,4,4,3,4,4,4,4,3,4,0,0,0,0,0,1,0,2,2,1,11,22,11,13,8,13,23,22,19,20,,,,,,,,,,
731,4,4,4,3,4,4,4,4,3,4,0,0,0,0,0,1,0,3,2,2,11,22,11,13,8,13,23,11,19,9,,,-4055.0,-3065.0,,-5065.0,,,,
732,4,4,4,3,4,4,4,4,3,4,0,0,0,0,0,1,0,3,2,2,11,12,21,23,8,23,13,11,9,9,,,,,,,,,,
733,4,4,4,3,4,4,4,4,3,4,0,0,0,0,0,1,0,3,2,2,11,12,21,23,8,23,13,11,9,9,-3055.0,,,,,,,,,-6045.0
734,4,4,4,3,4,4,4,4,3,4,0,0,0,0,0,1,0,3,2,2,21,12,11,13,8,13,13,11,9,20,,,,,-4040.0,,,,,
735,4,4,4,3,4,4,4,4,3,4,0,0,0,0,0,1,0,3,2,2,21,12,11,13,18,13,13,11,9,20,,-4060.0,,,,,,-6055.0,-34045.0,
736,4,4,4,3,4,4,4,4,3,4,0,0,0,0,0,1,0,3,2,0,11,22,11,13,18,13,13,22,19,12,,,,,,,-3065.0,,,
737,4,4,4,3,4,4,4,4,3,4,0,0,0,0,0,1,0,3,2,0,11,22,11,13,18,13,23,22,19,12,,,,-13065.0,,-5065.0,,,,
738,4,4,4,3,4,4,4,4,3,4,0,0,0,0,0,1,0,2,2,0,11,12,11,23,8,23,23,13,19,12,,,-3055.0,,,,,,,
739,4,4,4,3,4,4,4,4,3,4,0,0,0,0,0,1,0,2,2,0,11,12,21,23,8,23,13,13,9,12,,,,,,,,,,
740,4,4,4,3,4,4,4,4,3,4,0,0,0,0,0,1,0,2,2,0,11,12,21,13,8,13,13,13,9,12,-4055.0,,,,,,,,,-3060.0
741,4,4,4,3,4,4,4,4,3,4,0,0,0,0,0,1,0,2,2,0,21,12,11,13,8,13,13,13,9,20,,-4060.0,,,,,,-6065.0,,
742,4,4,4,3,4,4,4,4,3,4,0,0,0,0,0,1,0,2,2,0,21,22,11,13,8,13,13,22,9,20,,,,,-14040.0,,-3065.0,,,
743,4,4,4,3,4,4,4,4,3,4,0,0,0,0,0,1,0,2,2,2,11,22,11,13,18,13,23,22,9,8,,,,,,-5065.0,,,,
744,4,4,4,3,4,4,4,4,3,4,0,0,0,0,0,1,0,3,2,2,11,12,11,13,18,23,23,11,9,8,,,,,,,,,-34045.0,
745,4,4,4,3,4,4,4,4,3,4,0,0,0,0,0,1,0,3,2,2,11,12,11,13,18,23,13,11,19,8,,,-3055.0,-3065.0,,,,,,
746,4,4,4,3,4,4,4,4,3,4,0,0,0,0,0,1,0,3,2,2,11,12,21,23,8,13,13,11,19,8,,,,,,,,,,-16040.0
747,4,4,4,3,4,4,4,4,3,4,0,0,0,0,0,1,0,3,2,2,11,12,21,23,8,13,13,11,19,21,-4055.0,,,,,,,,,
748,4,4,4,3,4,4,4,4,3,4,0,0,0,0,0,1,0,3,2,2,21,12,11,13,8,13,13,11,9,21,,-4060.0,,,,,-3065.0,-7055.0,,
749,4,4,4,3,4,4,4,4,3,4,0,0,0,0,0,1,0,3,2,0,21,22,11,13,8,13,23,22,9,13,,,,,-3040.0,-5065.0,,,,
750,4,4,4,3,4,4,4,4,3,4,0,0,0,0,0,1,0,3,2,0,11,22,11,13,18,23,23,22,9,13,,,,,,,,,,
751,4,4,4,3,4,4,4,4,3,4,0,0,0,0,0,1,0,2,2,0,11,12,11,13,18,23,13,13,9,13,,,,,,,,,,
752,4,4,4,3,4,4,4,4,3,4,0,0,0,0,0,1,0,2,2,0,11,12,11,13,18,13,13,13,9,13,,,-4055.0,,,,,,-34045.0,-3065.0
753,4,4,4,3,4,4,4,4,3,4,0,0,0,0,0,1,0,2,2,0,11,12,21,13,8,13,13,13,19,20,-3055.0,,,-2065.0,,,,,,
754,4,4,4,3,4,4,4,4,3,4,0,0,0,0,0,1,0,2,2,0,21,12,21,23,8,13,13,13,19,20,,,,,,,-13065.0,-5065.0,,
755,4,4,4,3,4,4,4,4,3,4,0,0,0,0,0,1,0,2,2,2,21,12,11,23,8,13,23,22,19,8,,-4060.0,,,,,,,,
756,4,4,4,3,4,4,4,4,3,4,0,0,0,0,0,1,0,2,2,2,11,22,11,13,8,13,23,22,9,8,,,,,-13040.0,-5065.0,,,,
757,4,4,4,3,4,4,4,4,3,4,0,0,0,0,0,1,0,3,2,2,11,22,11,13,18,23,13,11,9,8,,,,,,,,,,
758,4,4,4,3,4,4,4,4,3,4,0,0,0,0,0,1,0,3,2,2,11,12,11,13,18,23,13,11,9,8,,,,,,,,,,
759,4,4,4,3,4,4,4,4,3,4,0,0,0,0,0,1,0,3,2,2,11,12,11,13,18,13,13,11,9,8,-4055.0,,,-22065.0,,,,,,-5040.0
760,4,4,4,3,4,4,4,4,3,4,0,0,0,0,0,1,0,3,2,2,21,12,11,23,8,13,13,11,9,21,,,,,,,-4065.0,,-45045.0,
761,4,4,4,3,4,4,4,4,3,4,0,0,0,0,0,1,0,3,2,2,21,12,11,23,8,13,23,11,19,21,,,,,,,,-6055.0,,
762,4,4,4,3,4,4,4,4,3,4,0,0,0,0,0,1,0,3,2,2,11,12,11,13,8,13,23,22,19,21,,-4060.0,-4055.0,,,-5065.0,,,,
763,4,4,4,3,4,4,4,4,3,4,0,0,0,0,0,1,0,3,2,1,11,22,21,13,8,23,13,22,19,12,,,,,,,,,,
764,4,4,4,3,4,4,4,4,3,4,0,0,0,0,0,1,0,2,2,1,11,22,21,13,8,23,13,13,9,12,,,,,-34040.0,,,,,
765,4,4,4,3,4,4,4,4,3,4,0,0,0,0,0,1,0,2,2,1,11,12,11,13,18,13,13,13,9,12,-4055.0,,,-23065.0,,,,,,
766,4,4,4,3,4,4,4,4,3,4,0,0,0,0,0,1,0,2,2,1,21,12,11,23,18,13,13,13,9,12,,,,,,,,,,
767,4,4,4,3,4,4,4,4,3,4,0,0,0,0,0,1,0,2,2,1,21,12,11,23,18,13,13,13,9,12,,,,,,,,,,-4060.0
768,4,4,4,3,4,4,4,4,3,4,0,0,0,0,0,1,0,2,2,1,11,12,11,13,8,13,13,13,9,20,,,,,,,-4065.0,-6065.0,-25045.0,
769,4,4,4,3,4,4,4,4,3,4,0,0,0,0,0,1,0,2,2,1,11,12,11,13,8,13,23,22,19,20,,,,,,-5065.0,,,,
770,4,4,4,3,4,4,4,4,3,4,0,0,0,0,0,1,0,2,2,2,11,12,11,13,8,23,23,22,19,9,,-4060.0,-4055.0,,,,,,,
771,4,4,4,3,4,4,4,4,3,4,0,0,0,0,0,1,0,3,2,2,11,22,21,13,8,23,13,11,19,9,,,,,-4040.0,,,,,
772,4,4,4,3,4,4,4,4,3,4,0,0,0,0,0,1,0,3,2,2,11,22,21,13,18,13,13,11,9,9,-3055.0,,,,,,,,,-16045.0
773,4,4,4,3,4,4,4,4,3,4,0,0,0,0,0,1,0,3,2,2,21,12,11,13,18,13,13,11,9,20,,,,-2065.0,,,,,,
774,4,4,4,3,4,4,4,4,3,4,0,0,0,0,0,1,0,3,2,2,21,12,11,23,18,13,13,11,9,20,,,,,,,,,,
775,4,4,4,3,4,4,4,4,3,4,0,0,0,0,0,1,0,3,2,0,11,12,11,23,8,13,13,11,9,12,,,,,,,-3065.0,,,
776,4,4,4,3,4,4,4,4,3,4,0,0,0,0,0,1,0,3,2,0,11,12,11,13,8,13,23,11,9,12,,-3060.0,,,,-4065.0,,-6055.0,-5045.0,
777,4,4,4,3,4,4,4,4,3,4,0,0,0,0,0,1,0,3,2,0,11,22,11,13,8,23,23,22,19,12,,,-4055.0,,,,,,,
778,4,4,4,3,4,4,4,4,3,4,0,0,0,0,0,1,0,3,2,0,11,22,21,13,8,23,13,22,19,12,-3055.0,,,,,,,,,-3060.0
779,4,4,4,3,4,4,4,4,3,4,0,0,0,0,0,1,0,2,2,0,21,12,21,13,8,13,13,13,19,20,,,,,-13040.0,,,,,
780,4,4,4,3,4,4,4,4,3,4,0,0,0,0,0,1,0,2,2,0,21,12,11,13,18,13,13,13,9,20,,,,-13065.0,,,,,,
781,4,4,4,3,4,4,4,4,3,4,0,0,0,0,0,1,0,2,2,2,11,12,11,23,18,13,13,13,9,8,,,,,,,,,,
782,4,4,4,3,4,4,4,4,3,4,0,0,0,0,0,1,0,2,2,2,11,12,11,23,18,13,13,13,9,8,,-13060.0,,,,,-13065.0,,,
783,4,4,4,3,4,4,4,4,3,4,0,0,0,0,0,1,0,2,2,2,11,22,11,13,8,13,23,13,9,8,,,-4055.0,,,,,-6065.0,-5045.0,-6040.0
784,4,4,4,3,4,4,4,4,3,4,0,0,0,0,0,1,0,2,2,2,11,22,21,13,8,13,23,22,19,21,,,,,,-15065.0,,,,
785,4,4,4,3,4,4,4,4,3,4,0,0,0,0,0,1,0,2,2,2,11,12,21,13,8,23,13,22,19,21,,,,,,,,,,
786,4,4,4,3,4,4,4,4,3,4,0,0,0,0,0,1,0,3,2,0,11,12,11,13,8,23,13,11,19,13,-4055.0,,,-3065.0,-24040.0,,,,,
787,4,4,4,3,4,4,4,4,3,4,0,0,0,0,0,1,0,3,2,0,21,12,11,23,18,13,13,11,9,13,,,,,,,,,,
788,4,4,4,3,4,4,4,4,3,4,0,0,0,0,0,1,0,3,2,0,21,12,11,23,18,13,13,11,9,13,,-4060.0,,,,,,,,
789,4,4,4,3,4,4,4,4,3,4,0,0,0,0,0,1,0,3,2,0,11,22,11,13,18,13,13,11,9,13,,,-4055.0,,,,-4065.0,-7055.0,,
790,4,4,4,3,4,4,4,4,3,4,0,0,0,0,0,1,0,3,2,0,11,22,21,13,8,13,23,22,9,13,,,,,,,,,-35045.0,-4065.0
791,4,4,4,3,4,4,4,4,3,4,0,0,0,0,0,1,0,3,2,0,11,12,21,13,8,13,23,22,19,20,,,,,,,,,,
792,4,4,4,3,4,4,4,4,3,4,0,0,0,0,0,1,0,2,2,0,11,12,11,13,8,13,13,13,19,20,,,,,,-4065.0,,,,
793,4,4,4,3,4,4,4,4,3,4,0,0,0,0,0,1,0,2,2,2,11,12,11,13,8,23,13,13,19,8,,,,,,,,,,
794,4,4,4,3,4,4,4,4,3,4,0,0,0,0,0,1,0,2,2,2,11,12,11,13,8,23,13,13,9,8,,,,-13065.0,-13040.0,,,,,
795,4,4,4,3,4,4,4,4,3,4,0,0,0,0,0,1,0,2,2,2,11,12,11,23,18,13,13,13,9,8,-3055.0,-4060.0,,,,,-4065.0,,,
796,4,4,4,3,4,4,4,4,3,4,0,0,0,0,0,1,0,2,2,2,21,22,11,23,18,13,23,13,9,8,,,,,,,,-5065.0,,
797,4,4,4,3,4,4,4,4,3,4,0,0,0,0,0,1,0,2,2,2,21,22,11,13,18,13,23,22,9,8,,,,,,-15065.0,,,,-5040.0
798,4,4,4,3,4,4,4,4,3,4,0,0,0,0,0,1,0,2,2,2,11,12,11,13,8,23,13,22,9,21,,,-4055.0,,,,,,,
799,4,4,4,3,4,4,4,4,3,4,0,0,0,0,0,1,0,3,2,2,11,12,21,13,8,23,13,11,9,21,,,,,,,,,-24045.0,
800,4,4,4,3,4,4,4,4,3,4,0,0,0,0,0,1,0,3,2,2,11,12,21,13,8,13,13,11,19,21,,,,,-14040.0,,,,,
801,4,4,4,3,4,4,4,4,3,4,0,0,0,0,0,1,0,3,2,1,11,12,11,13,18,13,13,11,19,12,-4055.0,-4060.0,,-3065.0,,,,,,
802,4,4,4,3,4,4,4,4,3,4,0,0,0,0,0,1,0,3,2,1,21,22,11,23,18,13,13,11,19,12,,,,,,,,-7055.0,,
803,4,4,4,3,4,4,4,4,3,4,0,0,0,0,0,1,0,3,2,1,21,22,11,23,18,13,13,22,9,12,,,,,,,-3065.0,,,
804,4,4,4,3,4,4,4,4,3,4,0,0,0,0,0,1,0,3,2,1,11,12,11,13,8,13,23,22,9,12,,,-4055.0,,,,,,,-25060.0
805,4,4,4,3,4,4,4,4,3,4,0,0,0,0,0,1,0,2,2,1,11,12,21,13,8,13,23,13,9,20,,,,,,,,,,
806,4,4,4,3,4,4,4,4,3,4,0,0,0,0,0,1,0,2,2,1,11,12,21,13,8,13,13,13,9,20,,,,,,-5065.0,,,,
807,4,4,4,3,4,4,4,4,3,4,0,0,0,0,0,1,0,2,2,2,11,12,11,13,8,23,13,13,9,9,,,,,-14040.0,,,,-35045.0,
808,4,4,4,3,4,4,4,4,3,4,0,0,0,0,0,1,0,2,2,2,11,12,11,13,18,23,13,13,19,9,-3055.0,-3060.0,,-2065.0,,,,,,
809,4,4,4,3,4,4,4,4,3,4,0,0,0,0,0,1,0,2,2,2,21,22,11,23,18,13,13,13,19,9,,,,,,,,-6065.0,,
810,4,4,4,3,4,4,4,4,3,4,0,0,0,0,0,1,0,2,2,2,21,22,11,23,18,13,13,22,19,9,,,,,,,-4065.0,,,
811,4,4,4,3,4,4,4,4,3,4,0,0,0,0,0,1,0,2,2,2,11,12,11,13,8,13,23,22,9,9,,,,,,,,,,
812,4,4,4,3,4,4,4,4,3,4,0,0,0,0,0,1,0,3,2,2,11,12,11,13,8,13,23,11,9,9,,,-3055.0,,,,,,,
813,4,4,4,3,4,4,4,4,3,4,0,0,0,0,0,1,0,3,2,2,11,12,21,13,8,13,13,11,9,9,-14055.0,,,,,-5065.0,,,,-6045.0
814,4,4,4,3,4,4,4,4,3,4,0,0,0,0,0,1,0,3,2,2,21,12,21,13,8,23,13,11,9,20,,-3060.0,,,,,,,,
815,4,4,4,3,4,4,4,4,3,4,0,0,0,0,0,1,0,3,2,2,21,22,11,13,8,23,13,11,9,20,,,,-3065.0,-14040.0,,,-7055.0,-24045.0,
816,4,4,4,3,4,4,4,4,3,4,0,0,0,0,0,1,0,3,2,0,11,22,11,23,18,13,13,22,19,12,,,,,,,-4065.0,,,
817,4,4,4,3,4,4,4,4,3,4,0,0,0,0,0,1,0,3,2,0,11,12,11,23,18,13,23,22,19,12,,,,,,,,,,
818,4,4,4,3,4,4,4,4,3,4,0,0,0,0,0,1,0,2,2,0,11,12,11,13,18,13,23,13,19,12,,,,,,,,,,
819,4,4,4,3,4,4,4,4,3,4,0,0,0,0,0,1,0,2,2,0,11,12,11,13,8,13,13,13,9,12,,,,,,,,,,
820,4,4,4,3,4,4,4,4,3,4,0,0,0,0,0,1,0,2,2,0,11,12,11,13,8,13,13,13,9,12,-3055.0,,-3055.0,,,-5065.0,,,,
821,4,4,4,3,4,4,4,4,3,4,0,0,0,0,0,1,0,2,2,0,21,12,21,13,8,23,13,13,9,12,,-14060.0,,,,,,-6065.0,,-4060.0
822,4,4,4,3,4,4,4,4,3,4,0,0,0,0,0,1,0,2,2,0,21,22,21,13,8,23,13,22,9,20,,,,-2065.0,-14040.0,,,,,
823,4,4,4,3,4,4,4,4,3,4,0,0,0,0,0,1,0,2,2,0,11,22,11,23,18,13,13,22,9,20,,,,,,,,,-35045.0,
824,4,4,4,3,4,4,4,4,3,4,0,0,0,0,0,1,0,3,2,2,11,12,11,23,18,13,13,11,19,8,,,,,,,,,,
825,4,4,4,3,4,4,4,4,3,4,0,0,0,0,0,1,0,3,2,2,11,12,11,13,18,13,13,11,19,8,,,,,,,-3065.0,,,
826,4,4,4,3,4,4,4,4,3,4,0,0,0,0,0,1,0,3,2,2,11,12,11,13,8,13,23,11,19,8,-3055.0,,,,,,,,,
827,4,4,4,3,4,4,4,4,3,4,0,0,0,0,0,1,0,3,2,2,21,12,11,13,8,13,23,11,9,8,,-4060.0,-3055.0,,,-4065.0,,,,
828,4,4,4,3,4,4,4,4,3,4,0,0,0,0,0,1,0,3,2,2,21,22,21,13,8,23,13,11,9,8,,,,,,,,-7055.0,,-6040.0
829,4,4,4,3,4,4,4,4,3,4,0,0,0,0,0,1,0,3,2,2,11,22,21,13,8,23,13,22,9,21,,,,,-24040.0,,,,,
830,4,4,4,3,4,4,4,4,3,4,0,0,0,0,0,1,0,3,2,2,11,12,11,13,18,13,13,22,9,21,,,,-23065.0,,,-4065.0,,,
831,4,4,4,3,4,4,4,4,3,4,0,0,0,0,0,1,0,2,2,0,11,12,11,23,18,13,23,13,9,13,,,,,,,,,-25045.0,
832,4,4,4,3,4,4,4,4,3,4,0,0,0,0,0,1,0,2,2,0,11,12,11,23,18,13,23,13,19,13,,,,,,,,,,
833,4,4,4,3,4,4,4,4,3,4,0,0,0,0,0,1,0,2,2,0,11,12,11,13,8,13,13,13,19,13,-14055.0,,-4055.0,,,-5065.0,,,,
834,4,4,4,3,4,4,4,4,3,4,0,0,0,0,0,1,0,2,2,0,21,12,21,13,8,23,13,13,19,13,,-3060.0,,,,,,-5065.0,,-4065.0
835,4,4,4,3,4,4,4,4,3,4,0,0,0,0,0,1,0,2,2,0,21,22,21,13,8,23,13,22,9,20,,,,,-14040.0,,,,,
836,4,4,4,3,4,4,4,4,3,4,0,0,0,0,0,1,0,2,2,0,11,22,11,13,18,13,13,22,9,20,,,,,,,,,,
837,4,4,4,3,4,4,4,4,3,4,0,0,0,0,0,1,0,3,2,2,11,12,11,13,18,13,13,11,9,8,,,,-2065.0,,,-4065.0,,,
838,4,4,4,3,4,4,4,4,3,4,0,0,0,0,0,1,0,3,2,2,11,12,11,23,18,13,23,11,9,8,,,,,,,,,-15045.0,
839,4,4,4,3,4,4,4,4,3,4,0,0,0,0,0,1,0,3,2,2,11,12,11,23,8,13,23,11,19,8,,,,,,-5065.0,,-7055.0,,
840,4,4,4,3,4,4,4,4,3,4,0,0,0,0,0,1,0,3,2,2,11,12,11,13,8,23,13,22,19,8,-4055.0,-3060.0,,,,,,,,
841,4,4,4,3,4,4,4,4,3,4,0,0,0,0,0,1,0,3,2,2,21,22,11,13,8,23,13,22,19,8,,,-4055.0,,,,,,,
842,4,4,4,3,4,4,4,4,3,4,0,0,0,0,0,1,0,2,2,2,21,22,21,13,8,13,13,13,9,8,,,,,,,,,,
843,4,4,4,3,4,4,4,4,3,4,0,0,0,0,0,1,0,2,2,2,11,12,21,13,8,13,13,13,9,8,,,,,-3040.0,,,,,-6040.0
844,4,4,4,3,4,4,4,4,3,4,0,0,0,0,0,1,0,2,2,2,11,12,11,13,18,13,13,13,9,21,,,,-3065.0,,,-4065.0,,,
845,4,4,4,3,4,4,4,4,3,4,0,0,0,0,0,1,0,2,2,2,11,12,11,23,18,13,23,13,9,21,,,,,,,,,-14045.0,
846,4,4,4,3,4,4,4,4,3,4,0,0,0,0,0,1,0,2,2,0,11,12,11,23,18,13,23,13,19,13,,,,,,,,-6065.0,,
847,4,4,4,3,4,4,4,4,3,4,0,0,0,0,0,1,0,2,2,0,11,12,11,13,8,13,13,22,19,13,-3055.0,-4060.0,,,,-5065.0,,,,
848,4,4,4,3,4,4,4,4,3,4,0,0,0,0,0,1,0,2,2,0,21,22,11,13,8,23,13,22,19,13,,,-4055.0,,,,,,,-4065.0
849,4,4,4,3,4,4,4,4,3,4,0,0,0,0,0,1,0,3,2,0,21,22,21,13,8,23,13,11,9,20,,,,,,,,,,
850,4,4,4,3,4,4,4,4,3,4,0,0,0,0,0,1,0,3,2,0,11,12,21,13,8,13,13,11,9,20,,,,-13065.0,,,-4065.0,,,
851,4,4,4,3,4,4,4,4,3,4,0,0,0,0,0,1,0,3,2,2,11,12,11,23,8,13,23,11,9,8,,,,,,,,,,
852,4,4,4,3,4,4,4,4,3,4,0,0,0,0,0,1,0,3,2,2,11,12,11,23,8,13,23,11,9,8,,,,,-23040.0,,,,,
853,4,4,4,3,4,4,4,4,3,4,0,0,0,0,0,1,0,3,2,2,11,12,11,13,18,13,13,11,9,8,,,,,,,,-6055.0,-45045.0,
854,4,4,4,3,4,4,4,4,3,4,0,0,0,0,0,1,0,3,2,2,11,12,11,13,18,13,13,22,19,8,-4055.0,,,,,-5065.0,,,,
855,4,4,4,3,4,4,4,4,3,4,0,0,0,0,0,1,0,3,2,2,21,12,11,13,18,23,13,22,19,8,,-4060.0,-4055.0,,,,,,,
856,4,4,4,3,4,4,4,4,3,4,0,0,0,0,0,1,0,2,2,2,21,22,21,13,8,23,13,13,19,8,,,,,,,-4065.0,,,-5040.0
857,4,4,4,3,4,4,4,4,3,4,0,0,0,0,0,1,0,2,2,2,11,22,21,13,8,13,23,13,9,21,,,,,,,,,,
858,4,4,4,3,4,4,4,4,3,4,0,0,0,0,0,1,0,2,2,2,11,12,11,13,8,13,23,13,9,21,,,,-3065.0,,,,-16065.0,,
859,4,4,4,3,4,4,4,4,3,4,0,0,0,0,0,1,0,2,2,2,11,12,11,23,8,13,13,22,9,21,,,,,-3040.0,,,,,
860,4,4,4,3,4,4,4,4,3,4,0,0,0,0,0,1,0,2,2,1,11,12,11,23,18,13,13,22,9,12,,,,,,-5065.0,,,,
861,4,4,4,3,4,4,4,4,3,4,0,0,0,0,0,1,0,3,2,1,11,12,11,13,18,23,13,11,9,12,-4055.0,-4060.0,-4055.0,,,,,,-5045.0,
862,4,4,4,3,4,4,4,4,3,4,0,0,0,0,0,1,0,3,2,1,21,22,21,13,18,23,13,11,19,12,,,,,,,,,,
863,4,4,4,3,4,4,4,4,3,4,0,0,0,0,0,1,0,3,2,1,21,22,21,13,8,13,13,11,19,12,,,,,,,-4065.0,,,-25060.0
864,4,4,4,3,4,4,4,4,3,4,0,0,0,0,0,1,0,3,2,1,11,12,11,13,8,13,23,11,19,20,,,,-3065.0,,,,-7055.0,,
865,4,4,4,3,4,4,4,4,3,4,0,0,0,0,0,1,0,3,2,1,11,12,11,23,8,13,23,22,9,20,,,,,-24040.0,,,,,
866,4,4,4,3,4,4,4,4,3,4,0,0,0,0,0,1,0,3,2,2,11,12,11,23,18,13,13,22,9,9,,,-4055.0,,,-5065.0,,,,
867,4,4,4,3,4,4,4,4,3,4,0,0,0,0,0,1,0,2,2,2,11,12,21,13,18,23,13,13,9,9,,,,,,,,,,
868,4,4,4,3,4,4,4,4,3,4,0,0,0,0,0,1,0,2,2,2,11,12,21,13,18,23,13,13,9,9,,-3060.0,,,,,,,-35045.0,
869,4,4,4,3,4,4,4,4,3,4,0,0,0,0,0,1,0,2,2,2,11,22,11,13,8,13,13,13,19,9,-3055.0,,,,,,,,,
870,4,4,4,3,4,4,4,4,3,4,0,0,0,0,0,1,0,2,2,2,21,22,11,13,8,13,13,13,19,9,,,,,,,-4065.0,-6065.0,,-6045.0
871,4,4,4,3,4,4,4,4,3,4,0,0,0,0,0,1,0,2,2,2,21,12,11,13,8,13,23,22,19,20,,,,-3065.0,,,,,,
872,4,4,4,3,4,4,4,4,3,4,0,0,0,0,0,1,0,2,2,2,11,12,11,23,8,13,23,22,9,20,,,,,,,,,,
873,4,4,4,3,4,4,4,4,3,4,0,0,0,0,0,1,0,3,2,0,11,12,11,23,8,13,13,11,9,12,,,-4055.0,,-14040.0,-4065.0,,,,
874,4,4,4,3,4,4,4,4,3,4,0,0,0,0,0,1,0,3,2,0,11,12,21,13,18,23,13,11,9,12,,,,,,,,,,
875,4,4,4,3,4,4,4,4,3,4,0,0,0,0,0,1,0,3,2,0,11,12,21,13,18,23,13,11,9,12,-4055.0,-14060.0,,,,,,,-25045.0,
876,4,4,4,3,4,4,4,4,3,4,0,0,0,0,0,1,0,3,2,0,21,22,11,13,18,13,13,11,19,12,,,,,,,-4065.0,,,
877,4,4,4,3,4,4,4,4,3,4,0,0,0,0,0,1,0,3,2,0,21,22,11,13,8,13,23,11,19,12,,,,-2065.0,,,,-7055.0,,
878,4,4,4,3,4,4,4,4,3,4,0,0,0,0,0,1,0,3,2,0,11,12,11,23,8,13,23,22,19,12,,,,,,,,,,-4060.0
879,4,4,4,3,4,4,4,4,3,4,0,0,0,0,0,1,0,3,2,0,11,12,11,23,8,13,13,22,9,20,,,,,,-15065.0,,,,
880,4,4,4,3,4,4,4,4,3,4,0,0,0,0,0,1,0,2,2,0,11,12,11,13,8,23,13,13,9,20,,,,,,,,,,
881,4,4,4,3,4,4,4,4,3,4,0,0,0,0,0,1,0,2,2,2,11,12,11,13,8,23,13,13,9,8,,,,,-3040.0,,,,,
882,4,4,4,3,4,4,4,4,3,4,0,0,0,0,0,1,0,2,2,2,11,12,11,13,18,13,13,13,9,8,-4055.0,-4060.0,-3055.0,,,,,,,
883,4,4,4,3,4,4,4,4,3,4,0,0,0,0,0,1,0,2,2,2,21,22,21,13,18,13,13,13,9,8,,,,-3065.0,,,,,-4045.0,
884,4,4,4,3,4,4,4,4,3,4,0,0,0,0,0,1,0,2,2,2,21,22,21,23,18,13,13,13,19,8,,,,,,,-4065.0,-6065.0,,-5040.0
885,4,4,4,3,4,4,4,4,3,4,0,0,0,0,0,1,0,2,2,2,11,12,11,23,8,13,23,22,19,21,,,,,,,,,,
886,4,4,4,3,4,4,4,4,3,4,0,0,0,0,0,1,0,2,2,2,11,12,11,13,8,13,23,22,19,21,,,,,,-5065.0,,,,
887,4,4,4,3,4,4,4,4,3,4,0,0,0,0,0,1,0,3,2,2,11,12,11,13,8,23,13,11,9,21,,,,,,,,,,
888,4,4,4,3,4,4,4,4,3,4,0,0,0,0,0,1,0,3,2,1,11,12,11,13,8,23,13,11,9,12,,,,,-14040.0,,,,,
889,4,4,4,3,4,4,4,4,3,4,0,0,0,0,0,1,0,3,2,1,11,12,11,13,18,13,13,11,9,12,-3055.0,,-3055.0,,,,,,,
890,4,4,4,3,4,4,4,4,3,4,0,0,0,0,0,1,0,3,2,1,21,12,21,13,18,13,13,11,9,12,,-4060.0,,-3065.0,,,,,-35045.0,-35060.0
891,4,4,4,3,4,4,4,4,3,4,0,0,0,0,0,1,0,3,2,1,21,22,21,23,18,13,13,11,19,20,,,,,,,-4065.0,-6055.0,,
892,4,4,4,3,4,4,4,4,3,4,0,0,0,0,0,1,0,3,2,1,11,22,11,23,8,13,23,22,19,20,,,,,,-5065.0,,,,
893,4,4,4,3,4,4,4,4,3,4,0,0,0,0,0,1,0,3,2,2,11,12,11,13,8,23,23,22,19,9,,,,,,,,,,
894,4,4,4,3,4,4,4,4,3,4,0,0,0,0,0,1,0,2,2,2,11,12,11,13,8,23,13,13,9,9,,,,,,,,,,
895,4,4,4,3,4,4,4,4,3,4,0,0,0,0,0,1,0,2,2,2,11,12,11,13,8,13,13,13,9,9,,,-14055.0,,-3040.0,,,,,
896,4,4,4,3,4,4,4,4,3,4,0,0,0,0,0,1,0,2,2,2,11,12,21,13,18,13,13,13,9,9,-4055.0,-3060.0,,,,,,,,-6045.0
897,4,4,4,3,4,4,4,4,3,4,0,0,0,0,0,1,0,2,2,2,21,22,21,13,18,13,13,13,9,20,,,,-2065.0,,,-4065.0,-16065.0,-25045.0,
898,4,4,4,3,4,4,4,4,3,4,0,0,0,0,0,1,0,2,2,2,21,22,11,23,18,13,23,22,19,20,,,,,,,,,,
899,4,4,4,3,4,4,4,4,3,4,0,0,0,0,0,1,0,2,2,0,11,12,11,23,8,13,23,22,19,12,,,,,,-5065.0,,,,
900,4,4,4,3,4,4,4,4,3,4,0,0,0,0,0,1,0,3,2,0,11,12,11,13,8,23,13,11,19,12,,,,,,,,,,
901,4,4,4,3,4,4,4,4,3,4,0,0,0,0,0,1,0,3,2,0,11,12,11,13,8,23,13,11,9,12,,-14060.0,-4055.0,,,,,,,
902,4,4,4,3,4,4,4,4,3,4,0,0,0,0,0,1,0,3,2,0,11,22,21,13,8,13,13,11,9,12,-4055.0,,,,,,,,,
903,4,4,4,3,4,4,4,4,3,4,0,0,0,0,0,1,0,3,2,0,21,22,21,13,8,13,13,11,9,12,,,,-23065.0,-33040.0,,,,,-4060.0
904,4,4,4,3,4,4,4,4,3,4,0,0,0,0,0,1,0,3,2,0,21,12,11,23,18,13,13,11,9,20,,,,,,,-4065.0,-7055.0,,
905,4,4,4,3,4,4,4,4,3,4,0,0,0,0,0,1,0,3,2,0,11,12,11,23,18,13,23,22,9,20,,,,,,,,,-25045.0,
906,4,4,4,3,4,4,4,4,3,4,0,0,0,0,0,1,0,3,2,2,11,12,11,13,18,13,23,22,19,8,,,,,,-5065.0,,,,
907,4,4,4,3,4,4,4,4,3,4,0,0,0,0,0,1,0,2,2,2,11,12,11,13,8,23,13,13,19,8,-4055.0,,,,,,,,,
908,4,4,4,3,4,4,4,4,3,4,0,0,0,0,0,1,0,2,2,2,21,12,11,13,8,23,13,13,19,8,,-4060.0,-4055.0,,,,,,,
909,4,4,4,3,4,4,4,4,3,4,0,0,0,0,0,1,0,2,2,2,21,22,21,13,8,13,13,13,9,8,,,,,,,,,,
910,4,4,4,3,4,4,4,4,3,4,0,0,0,0,0,1,0,2,2,2,11,22,21,13,8,13,13,13,9,8,,,,-3065.0,,,,-6065.0,,
911,4,4,4,3,4,4,4,4,3,4,0,0,0,0,0,1,0,2,2,2,11,12,11,23,8,13,13,22,9,8,,,,,-24040.0,,,,,
912,4,4,4,3,4,4,4,4,3,4,0,0,0,0,0,1,0,2,2,2,11,12,11,23,18,13,13,22,9,8,,,,,,,-4065.0,,,-5040.0
913,4,4,4,3,4,4,4,4,3,4,0,0,0,0,0,1,0,3,2,2,11,12,11,13,18,13,23,11,9,21,-4055.0,,,,,-4065.0,,,-14045.0,
914,4,4,4,3,4,4,4,4,3,4,0,0,0,0,0,1,0,3,2,2,21,12,11,13,18,23,23,11,19,21,,,,,,,,,,
915,4,4,4,3,4,4,4,4,3,4,0,0,0,0,0,1,0,3,2,2,21,12,11,13,8,23,13,11,19,21,,-4060.0,,,,,,,,
916,4,4,4,3,4,4,4,4,3,4,0,0,0,0,0,1,0,3,2,1,11,22,11,13,8,13,13,11,19,12,,,,,,,,,,
917,4,4,4,3,4,4,4,4,3,4,0,0,0,0,0,1,0,3,2,1,11,22,11,13,8,13,13,11,9,12,,,-4055.0,-3065.0,,,,-7055.0,,
918,4,4,4,3,4,4,4,4,3,4,0,0,0,0,0,1,0,3,2,1,11,12,21,23,8,13,13,22,9,12,,,,,-13040.0,,,,,
919,4,4,4,3,4,4,4,4,3,4,0,0,0,0,0,1,0,3,2,1,11,12,21,23,18,13,13,22,9,12,-4055.0,,,,,-15065.0,,,,-14060.0
920,4,4,4,3,4,4,4,4,3,4,0,0,0,0,0,1,0,2,2,1,21,12,11,13,18,23,13,13,9,20,,,,,,,-4065.0,,,
921,4,4,4,3,4,4,4,4,3,4,0,0,0,0,0,1,0,2,2,1,21,12,11,13,18,23,23,13,9,20,,-4060.0,,,,,,,-15045.0,
922,4,4,4,3,4,4,4,4,3,4,0,0,0,0,0,1,0,2,2,2,11,22,11,13,8,13,23,13,19,9,,,,,,,,,,
923,4,4,4,3,4,4,4,4,3,4,0,0,0,0,0,1,0,2,2,2,11,22,11,13,8,13,13,13,19,9,,,-3055.0,,,,,,,
924,4,4,4,3,4,4,4,4,3,4,0,0,0,0,0,1,0,2,2,2,11,12,21,13,8,13,13,13,19,9,,,,-3065.0,,,,,,-16045.0
925,4,4,4,3,4,4,4,4,3,4,0,0,0,0,0,1,0,2,2,2,11,12,21,23,8,13,13,13,9,20,,,,,-14040.0,,,-5065.0,,
926,4,4,4,3,4,4,4,4,3,4,0,0,0,0,0,1,0,2,2,2,11,12,11,23,18,13,13,22,9,20,,,,,,-5065.0,-4065.0,,,
927,4,4,4,3,4,4,4,4,3,4,0,0,0,0,0,1,0,2,2,0,11,12,11,13,18,23,23,22,9,12,-4055.0,,,,,,,,,
928,4,4,4,3,4,4,4,4,3,4,0,0,0,0,0,1,0,3,2,0,21,12,11,13,18,23,23,11,9,12,,-3060.0,,,,,,,-15045.0,
929,4,4,4,3,4,4,4,4,3,4,0,0,0,0,0,1,0,3,2,0,21,22,11,13,8,13,13,11,19,12,,,-13055.0,,,,,,,
930,4,4,4,3,4,4,4,4,3,4,0,0,0,0,0,1,0,3,2,0,11,22,21,13,8,13,13,11,19,12,,,,-13065.0,,,,,,
931,4,4,4,3,4,4,4,4,3,4,0,0,0,0,0,1,0,3,2,0,11,12,21,23,8,13,13,11,19,12,,,,,,,,-7055.0,,
932,4,4,4,3,4,4,4,4,3,4,0,0,0,0,0,1,0,3,2,0,11,12,11,23,8,13,13,22,9,12,,,,,-14040.0,,,,,-3060.0
933,4,4,4,3,4,4,4,4,3,4,0,0,0,0,0,1,0,3,2,0,11,12,11,13,18,13,13,22,9,20,-4055.0,,,,,,-3065.0,,,
934,4,4,4,3,4,4,4,4,3,4,0,0,0,0,0,1,0,2,2,0,21,12,11,13,18,13,23,13,9,20,,,,,,-5065.0,,,,
935,4,4,4,3,4,4,4,4,3,4,0,0,0,0,0,1,0,2,2,2,21,12,11,13,18,23,23,13,9,8,,-3060.0,,,,,,,,
936,4,4,4,3,4,4,4,4,3,4,0,0,0,0,0,1,0,2,2,2,11,22,11,13,8,23,13,13,9,8,,,-3055.0,,,,,,-24045.0,
937,4,4,4,3,4,4,4,4,3,4,0,0,0,0,0,1,0,2,2,2,11,22,21,13,8,13,13,13,19,8,,,,,,,,-6065.0,,
938,4,4,4,3,4,4,4,4,3,4,0,0,0,0,0,1,0,2,2,2,11,12,21,13,8,13,13,22,19,8,,,,-13065.0,,,,,,
939,4,4,4,3,4,4,4,4,3,4,0,0,0,0,0,1,0,2,2,2,11,12,11,23,8,13,13,22,19,8,,,,,,,,,,-15040.0
940,4,4,4,3,4,4,4,4,3,4,0,0,0,0,0,1,0,3,2,2,11,12,11,23,8,13,13,11,9,21,,,,,-4040.0,,-3065.0,,,
941,4,4,4,3,4,4,4,4,3,4,0,0,0,0,0,1,0,3,2,2,11,12,11,13,18,13,23,11,9,21,-4055.0,,,,,,,,,
942,4,4,4,3,4,4,4,4,3,4,0,0,0,0,0,1,0,3,2,2,21,12,11,13,18,13,23,11,9,21,,-3060.0,-14055.0,,,-4065.0,,,,
943,4,4,4,3,4,4,4,4,3,4,0,0,0,0,0,1,0,3,2,1,21,22,21,13,18,23,13,11,9,12,,,,,,,,,,
944,4,4,4,3,4,4,4,4,3,4,0,0,0,0,0,1,0,3,2,1,11,22,21,13,8,23,13,11,9,12,,,,,,,,-7055.0,-15045.0,
945,4,4,4,3,4,4,4,4,3,4,0,0,0,0,0,1,0,3,2,1,11,12,11,13,8,13,13,22,19,12,,,,-3065.0,,,,,,
946,4,4,4,3,4,4,4,4,3,4,0,0,0,0,0,1,0,3,2,1,11,12,11,23,8,13,13,22,19,12,,,,,-4040.0,,-14065.0,,,-24060.0
947,4,4,4,3,4,4,4,4,3,4,0,0,0,0,0,1,0,2,2,1,11,12,11,23,18,13,23,13,19,20,,,,,,,,,,
948,4,4,4,3,4,4,4,4,3,4,0,0,0,0,0,1,0,2,2,1,11,12,11,13,18,13,23,13,9,20,-4055.0,,,,,-5065.0,,,,
949,4,4,4,3,4,4,4,4,3,4,0,0,0,0,0,1,0,2,2,2,21,12,11,13,18,23,13,13,9,9,,,-4055.0,,,,,,,
950,4,4,4,3,4,4,4,4,3,4,0,0,0,0,0,1,0,2,2,2,21,12,21,13,8,23,13,13,9,9,,-4060.0,,,,,,,,
951,4,4,4,3,4,4,4,4,3,4,0,0,0,0,0,1,0,2,2,2,11,22,21,13,8,13,13,13,9,9,,,,,,,,,,
952,4,4,4,3,4,4,4,4,3,4,0,0,0,0,0,1,0,2,2,2,11,22,11,13,8,13,13,13,9,9,,,,,-4040.0,,,-6065.0,-14045.0,-5045.0
953,4,4,4,3,4,4,4,4,3,4,0,0,0,0,0,1,0,2,2,2,11,12,11,13,18,13,13,22,19,20,,,,,,,-4065.0,,,
954,4,4,4,3,4,4,4,4,3,4,0,0,0,0,0,1,0,2,2,2,11,12,11,13,18,13,23,22,19,20,-4055.0,,,-2065.0,,-5065.0,,,,
955,4,4,4,3,4,4,4,4,3,4,0,0,0,0,0,1,0,3,2,0,21,12,11,23,18,23,23,11,19,12,,,,,,,,,,
956,4,4,4,3,4,4,4,4,3,4,0,0,0,0,0,1,0,3,2,0,21,12,11,23,8,23,13,11,9,12,,-4060.0,-4055.0,,,,,,,
957,4,4,4,3,4,4,4,4,3,4,0,0,0,0,0,1,0,3,2,0,11,22,21,13,8,13,13,11,9,12,,,,,,,,,,
958,4,4,4,3,4,4,4,4,3,4,0,0,0,0,0,1,0,3,2,0,11,22,21,13,8,13,13,11,9,12,,,,,,,,-7055.0,,-4060.0
959,4,4,4,3,4,4,4,4,3,4,0,0,0,0,0,1,0,3,2,0,11,12,11,13,8,13,13,22,9,20,,,,,,,-4065.0,,,
960,4,4,4,3,4,4,4,4,3,4,0,0,0,0,0,1,0,3,2,0,11,12,11,13,8,13,23,22,9,20,,,,,-13040.0,,,,-24045.0,
961,4,4,4,3,4,4,4,4,3,4,0,0,0,0,0,1,0,2,2,2,11,12,11,13,18,13,23,13,19,8,,-4060.0,,,,,,,,
962,4,4,4,3,4,4,4,4,3,4,0,0,0,0,0,1,0,2,2,2,11,22,11,13,18,13,13,13,19,8,,,,,,-4065.0,,,,
963,4,4,4,3,4,4,4,4,3,4,0,0,0,0,0,1,0,2,2,2,11,22,11,13,18,23,13,13,19,8,-4055.0,,,-2065.0,,,,,,
964,4,4,4,3,4,4,4,4,3,4,0,0,0,0,0,1,0,2,2,2,21,12,11,23,8,23,13,13,9,8,,,-3055.0,,,,,,,-6040.0
965,4,4,4,3,4,4,4,4,3,4,0,0,0,0,0,1,0,2,2,2,21,12,21,23,8,13,13,13,9,21,,,,,,,,-5065.0,,
966,4,4,4,3,4,4,4,4,3,4,0,0,0,0,0,1,0,2,2,2,11,12,21,13,8,13,13,22,9,21,,,,,,,-3065.0,,,
967,4,4,4,3,4,4,4,4,3,4,0,0,0,0,0,1,0,2,2,0,11,12,11,13,8,13,23,22,9,13,,,,,-24040.0,-5065.0,,,,
968,4,4,4,3,4,4,4,4,3,4,0,0,0,0,0,1,0,3,2,0,11,12,11,13,18,23,23,11,9,13,,-4060.0,,,,,,,,
969,4,4,4,3,4,4,4,4,3,4,0,0,0,0,0,1,0,3,2,0,11,22,11,13,18,23,13,11,9,13,,,,-13065.0,,,,,-45045.0,
970,4,4,4,3,4,4,4,4,3,4,0,0,0,0,0,1,0,3,2,0,11,22,11,23,18,13,13,11,19,13,-3055.0,,,,,,,,,-4065.0
971,4,4,4,3,4,4,4,4,3,4,0,0,0,0,0,1,0,3,2,0,21,12,11,23,8,13,13,11,19,20,,,-14055.0,,,,,-6055.0,,
972,4,4,4,3,4,4,4,4,3,4,0,0,0,0,0,1,0,3,2,0,21,12,21,13,8,13,13,22,19,20,,,,,,,,,,
973,4,4,4,3,4,4,4,4,3,4,0,0,0,0,0,1,0,3,2,2,11,12,21,13,8,13,13,22,9,8,,,,,,-4065.0,-4065.0,,,
974,4,4,4,3,4,4,4,4,3,4,0,0,0,0,0,1,0,2,2,2,11,12,11,13,8,23,23,13,9,8,,-4060.0,,,-3040.0,,,,,
975,4,4,4,3,4,4,4,4,3,4,0,0,0,0,0,1,0,2,2,2,11,22,11,13,18,23,23,13,9,8,,,,-3065.0,,,,,,
976,4,4,4,3,4,4,4,4,3,4,0,0,0,0,0,1,0,2,2,2,11,22,11,23,18,13,13,13,9,8,,,,,,,,,,
977,4,4,4,3,4,4,4,4,3,4,0,0,0,0,0,1,0,2,2,2,11,12,11,23,18,13,13,13,9,8,-4055.0,,,,,,,-5065.0,-15045.0,
978,4,4,4,3,4,4,4,4,3,4,0,0,0,0,0,1,0,2,2,2,21,12,11,13,8,13,13,22,19,8,,,-3055.0,,,,,,,
979,4,4,4,3,4,4,4,4,3,4,0,0,0,0,0,1,0,2,2,2,21,12,21,13,8,13,13,22,19,8,,,,,,-5065.0,,,,-6040.0
980,4,4,4,3,4,4,4,4,3,4,0,0,0,0,0,1,0,3,2,2,11,12,21,13,8,23,13,11,19,21,,,,,,,-4065.0,,,
981,4,4,4,3,4,4,4,4,3,4,0,0,0,0,0,1,0,3,2,2,11,12,11,13,8,23,23,11,9,21,,-3060.0,,,-14040.0,,,,,
982,4,4,4,3,4,4,4,4,3,4,0,0,0,0,0,1,0,3,2,0,11,22,11,13,18,13,23,11,9,13,,,,,,,,,,
983,4,4,4,3,4,4,4,4,3,4,0,0,0,0,0,1,0,3,2,0,11,22,11,13,18,13,13,11,9,13,,,,-2065.0,,,,,,
984,4,4,4,3,4,4,4,4,3,4,0,0,0,0,0,1,0,3,2,0,11,12,11,23,18,13,13,11,9,13,,,,,,,,-7055.0,,
985,4,4,4,3,4,4,4,4,3,4,0,0,0,0,0,1,0,3,2,0,11,12,11,23,8,13,13,22,9,13,-4055.0,,-4055.0,,,-5065.0,,,-24045.0,
986,4,4,4,3,4,4,4,4,3,4,0,0,0,0,0,1,0,3,2,0,21,12,21,13,8,23,13,22,19,13,,,,,,,,,,
987,4,4,4,3,4,4,4,4,3,4,0,0,0,0,0,1,0,2,2,0,21,12,21,13,8,23,13,13,19,13,,,,,,,-4065.0,,,-4065.0
988,4,4,4,3,4,4,4,4,3,4,0,0,0,0,0,1,0,2,2,0,11,12,11,13,8,13,23,13,19,20,,-3060.0,,,-4040.0,,,,,
989,4,4,4,3,4,4,4,4,3,4,0,0,0,0,0,1,0,2,2,0,11,22,11,13,18,13,23,13,9,20,,,,,,,,,,
990,4,4,4,3,4,4,4,4,3,4,0,0,0,0,0,1,0,2,2,2,11,22,11,13,18,13,13,13,9,8,,,,,,,,-6065.0,,
991,4,4,4,3,4,4,4,4,3,4,0,0,0,0,0,1,0,2,2,2,11,12,11,13,18,13,13,22,9,8,,,,-2065.0,,-5065.0,,,,
992,4,4,4,3,4,4,4,4,3,4,0,0,0,0,0,1,0,2,2,2,11,12,11,23,8,23,13,22,9,8,-4055.0,,,,,,,,,
993,4,4,4,3,4,4,4,4,3,4,0,0,0,0,0,1,0,3,2,2,21,12,11,23,8,23,13,11,9,8,,,-3055.0,,,,,,,
994,4,4,4,3,4,4,4,4,3,4,0,0,0,0,0,1,0,3,2,2,21,12,21,13,8,13,13,11,9,8,,-13060.0,,,,,,,-34045.0,
995,4,4,4,3,4,4,4,4,3,4,0,0,0,0,0,1,0,3,2,2,11,22,21,13,8,13,13,11,19,8,,,,,-24040.0,,-4065.0,,,
996,4,4,4,3,4,4,4,4,3,4,0,0,0,0,0,1,0,3,2,2,11,22,11,13,18,13,23,11,19,8,,,,,,-5065.0,,,,-5040.0
997,4,4,4,3,4,4,4,4,3,4,0,0,0,0,0,1,0,3,2,2,11,12,11,13,18,23,23,11,19,21,,,,-12065.0,,,,,,
998,4,4,4,3,4,4,4,4,3,4,0,0,0,0,0,1,0,3,2,2,11,12,11,23,18,23,13,11,9,21,-4055.0,,,,,,,-7055.0,,
999,4,4,4,3,4,4,4,4,3,4,0,0,0,0,0,1,0,3,2,2,21,12,11,23,8,13,13,22,9,21,,,-14055.0,,,,,,,
1000,4,4,4,3,4,4,4,4,3,4,0,0,0,0,0,1,0,3,2,1,21,12,21,13,8,13,13,22,9,12,,-4060.0,,,,,,,,
